"Station Name","QUEBEC INTL A"
"Province","QUEBEC"
"Latitude","46.79"
"Longitude","-71.39"
"Elevation","74.40"
"Climate Identifier","7016293"
"WMO Identifier",""
"TC Identifier","YQB"
"All times are specified in Local Standard Time (LST). Add 1 hour to adjust for Daylight Saving Time where and when it is observed."

"Legend"
"E","Estimated"
"M","Missing"
"NA","Not Available"

"Date/Time","Year","Month","Day","Time","Temp (°C)","Temp Flag","Dew Point Temp (°C)","Dew Point Temp Flag","Rel Hum (%)","Rel Hum Flag","Wind Dir (10s deg)","Wind Dir Flag","Wind Spd (km/h)","Wind Spd Flag","Visibility (km)","Visibility Flag","Stn Press (kPa)","Stn Press Flag","Hmdx","Hmdx Flag","Wind Chill","Wind Chill Flag","Weather"
"2014-05-01 00:00","2014","05","01","00:00","5.4","","4.5","","94","","7","","12","","8.1","","101.02","","","","","","Rain"
"2014-05-01 01:00","2014","05","01","01:00","5.3","","4.7","","96","","7","","9","","8.1","","100.91","","","","","","Rain"
"2014-05-01 02:00","2014","05","01","02:00","5.2","","4.6","","96","","8","","10","","8.1","","100.76","","","","","","Rain"
"2014-05-01 03:00","2014","05","01","03:00","5.1","","4.5","","96","","9","","11","","4.8","","100.66","","","","","","Rain"
"2014-05-01 04:00","2014","05","01","04:00","5.2","","4.6","","96","","8","","12","","4.8","","100.56","","","","","","Rain"
"2014-05-01 05:00","2014","05","01","05:00","5.3","","4.7","","96","","8","","12","","4.8","","100.45","","","","","","Rain,Fog"
"2014-05-01 06:00","2014","05","01","06:00","5.4","","4.8","","96","","8","","14","","4.8","","100.34","","","","","","Drizzle,Fog"
"2014-05-01 07:00","2014","05","01","07:00","5.5","","4.9","","96","","8","","11","","4.0","","100.27","","","","","","Drizzle,Fog"
"2014-05-01 08:00","2014","05","01","08:00","5.6","","5.0","","96","","7","","19","","4.0","","100.15","","","","","","Drizzle,Fog"
"2014-05-01 09:00","2014","05","01","09:00","5.7","","5.1","","96","","6","","18","","4.0","","100.05","","","","","","Drizzle,Fog"
"2014-05-01 10:00","2014","05","01","10:00","6.0","","5.3","","95","","7","","18","","4.0","","99.84","","","","","","Drizzle,Fog"
"2014-05-01 11:00","2014","05","01","11:00","6.5","","5.9","","96","","6","","12","","4.0","","99.80","","","","","","Drizzle,Fog"
"2014-05-01 12:00","2014","05","01","12:00","6.4","","5.8","","96","","6","","15","","4.8","","99.73","","","","","","Drizzle,Fog"
"2014-05-01 13:00","2014","05","01","13:00","7.0","","6.4","","96","","5","","18","","4.8","","99.64","","","","","","Drizzle,Fog"
"2014-05-01 14:00","2014","05","01","14:00","7.4","","7.0","","97","","6","","12","","1.6","","99.56","","","","","","Drizzle,Fog"
"2014-05-01 15:00","2014","05","01","15:00","7.7","","7.3","","97","","6","","11","","2.4","","99.50","","","","","","Drizzle,Fog"
"2014-05-01 16:00","2014","05","01","16:00","8.0","","7.4","","96","","7","","8","","2.4","","99.45","","","","","","Drizzle,Fog"
"2014-05-01 17:00","2014","05","01","17:00","7.8","","7.4","","97","","10","","6","","1.6","","99.42","","","","","","Drizzle,Fog"
"2014-05-01 18:00","2014","05","01","18:00","8.2","","7.8","","97","","31","","4","","3.2","","99.45","","","","","","Drizzle,Fog"
"2014-05-01 19:00","2014","05","01","19:00","8.0","","7.7","","98","","13","","4","","1.2","","99.41","","","","","","Drizzle,Fog"
"2014-05-01 20:00","2014","05","01","20:00","7.9","","7.6","","98","","36","","2","","0.4","","99.38","","","","","","Fog"
"2014-05-01 21:00","2014","05","01","21:00","7.9","","7.6","","98","","1","","3","","0.4","","99.33","","","","","","Fog"
"2014-05-01 22:00","2014","05","01","22:00","7.9","","7.6","","98","","15","","5","","0.4","","99.30","","","","","","Fog"
"2014-05-01 23:00","2014","05","01","23:00","7.4","","7.1","","98","","36","","2","","0.6","","99.24","","","","","","Fog"
"2014-05-02 00:00","2014","05","02","00:00","7.3","","7.0","","98","","20","","6","","24.1","","99.23","","","","","","NA"
"2014-05-02 01:00","2014","05","02","01:00","8.9","","6.9","","87","","22","","21","","24.1","","99.18","","","","","","Mostly Cloudy"
"2014-05-02 02:00","2014","05","02","02:00","8.3","","5.8","","84","","23","","28","","24.1","","99.20","","","","","","NA"
"2014-05-02 03:00","2014","05","02","03:00","7.1","","4.4","","83","","24","","26","","24.1","","99.21","","","","","","NA"
"2014-05-02 04:00","2014","05","02","04:00","7.2","","5.0","","86","","24","","18","","24.1","","99.27","","","","","","Mostly Cloudy"
"2014-05-02 05:00","2014","05","02","05:00","6.1","","4.9","","92","","25","","13","","24.1","","99.26","","","","","","NA"
"2014-05-02 06:00","2014","05","02","06:00","6.6","","5.1","","90","","26","","12","","48.3","","99.25","","","","","","NA"
"2014-05-02 07:00","2014","05","02","07:00","7.4","","5.6","","88","","24","","14","","48.3","","99.25","","","","","","Mostly Cloudy"
"2014-05-02 08:00","2014","05","02","08:00","8.2","","6.2","","87","","24","","14","","24.1","","99.26","","","","","","NA"
"2014-05-02 09:00","2014","05","02","09:00","9.5","","6.4","","81","","25","","22","","24.1","","99.25","","","","","","NA"
"2014-05-02 10:00","2014","05","02","10:00","11.2","","5.8","","69","","26","","25","","24.1","","99.24","","","","","","Mostly Cloudy"
"2014-05-02 11:00","2014","05","02","11:00","12.1","","6.4","","68","","23","","33","","24.1","","99.20","","","","","","Rain Showers"
"2014-05-02 12:00","2014","05","02","12:00","11.9","","7.5","","74","","23","","40","","24.1","","99.23","","","","","","NA"
"2014-05-02 13:00","2014","05","02","13:00","12.1","","7.0","","71","","22","","26","","24.1","","99.22","","","","","","Mostly Cloudy"
"2014-05-02 14:00","2014","05","02","14:00","8.8","","5.2","","78","","29","","30","","19.3","","99.28","","","","","","Moderate Rain Showers"
"2014-05-02 15:00","2014","05","02","15:00","11.7","","7.1","","73","","22","","22","","40.2","","99.24","","","","","","NA"
"2014-05-02 16:00","2014","05","02","16:00","12.2","","6.5","","68","","24","","17","","40.2","","99.23","","","","","","Mostly Cloudy"
"2014-05-02 17:00","2014","05","02","17:00","10.9","","7.2","","78","","26","","17","","32.2","","99.31","","","","","","Rain Showers"
"2014-05-02 18:00","2014","05","02","18:00","10.5","","6.7","","77","","24","","18","","48.3","","99.37","","","","","","NA"
"2014-05-02 19:00","2014","05","02","19:00","10.0","","6.7","","80","","24","","17","","48.3","","99.45","","","","","","Cloudy"
"2014-05-02 20:00","2014","05","02","20:00","9.5","","6.6","","82","","23","","18","","24.1","","99.54","","","","","","NA"
"2014-05-02 21:00","2014","05","02","21:00","9.3","","5.9","","79","","23","","9","","24.1","","99.60","","","","","","NA"
"2014-05-02 22:00","2014","05","02","22:00","8.8","","5.7","","81","","20","","8","","24.1","","99.64","","","","","","Mostly Cloudy"
"2014-05-02 23:00","2014","05","02","23:00","8.7","","5.8","","82","","25","","8","","24.1","","99.68","","","","","","NA"
"2014-05-03 00:00","2014","05","03","00:00","8.3","","5.6","","83","","2","","8","","24.1","","99.71","","","","","","NA"
"2014-05-03 01:00","2014","05","03","01:00","8.0","","5.5","","84","","21","","8","","24.1","","99.73","","","","","","Mostly Cloudy"
"2014-05-03 02:00","2014","05","03","02:00","7.6","","5.4","","86","","23","","12","","24.1","","99.73","","","","","","NA"
"2014-05-03 03:00","2014","05","03","03:00","6.7","","5.0","","89","","27","","3","","24.1","","99.74","","","","","","NA"
"2014-05-03 04:00","2014","05","03","04:00","6.5","","5.0","","90","","23","","3","","24.1","","99.77","","","","","","Mostly Cloudy"
"2014-05-03 05:00","2014","05","03","05:00","6.9","","5.2","","89","","20","","3","","32.2","","99.83","","","","","","NA"
"2014-05-03 06:00","2014","05","03","06:00","7.2","","5.7","","90","","36","","1","","24.1","","99.87","","","","","","NA"
"2014-05-03 07:00","2014","05","03","07:00","9.3","","6.6","","83","","24","","12","","24.1","","99.89","","","","","","Cloudy"
"2014-05-03 08:00","2014","05","03","08:00","10.4","","6.6","","77","","22","","17","","24.1","","99.92","","","","","","NA"
"2014-05-03 09:00","2014","05","03","09:00","10.4","","6.9","","79","","23","","14","","24.1","","99.91","","","","","","NA"
"2014-05-03 10:00","2014","05","03","10:00","10.9","","6.7","","75","","22","","10","","24.1","","99.88","","","","","","Rain Showers"
"2014-05-03 11:00","2014","05","03","11:00","9.6","","7.4","","86","","21","","13","","8.1","","99.88","","","","","","Rain Showers,Fog"
"2014-05-03 12:00","2014","05","03","12:00","9.8","","7.8","","87","","36","","1","","9.7","","99.84","","","","","","Rain Showers,Fog"
"2014-05-03 13:00","2014","05","03","13:00","10.9","","8.3","","84","","6","","5","","24.1","","99.80","","","","","","Mostly Cloudy"
"2014-05-03 14:00","2014","05","03","14:00","11.9","","7.1","","72","","16","","3","","24.1","","99.77","","","","","","NA"
"2014-05-03 15:00","2014","05","03","15:00","12.6","","6.5","","66","","36","","3","","24.1","","99.73","","","","","","NA"
"2014-05-03 16:00","2014","05","03","16:00","12.7","","8.4","","75","","10","","10","","16.1","","99.71","","","","","","Rain Showers"
"2014-05-03 17:00","2014","05","03","17:00","12.3","","7.8","","74","","8","","12","","24.1","","99.70","","","","","","NA"
"2014-05-03 18:00","2014","05","03","18:00","11.7","","7.5","","75","","7","","11","","24.1","","99.71","","","","","","NA"
"2014-05-03 19:00","2014","05","03","19:00","10.9","","7.2","","78","","6","","13","","24.1","","99.69","","","","","","Cloudy"
"2014-05-03 20:00","2014","05","03","20:00","10.3","","7.0","","80","","8","","11","","24.1","","99.72","","","","","","NA"
"2014-05-03 21:00","2014","05","03","21:00","8.5","","7.1","","91","","34","","12","","2.4","","99.82","","","","","","Moderate Rain Showers"
"2014-05-03 22:00","2014","05","03","22:00","7.2","","6.3","","94","","6","","18","","6.4","","99.76","","","","","","Moderate Rain Showers"
"2014-05-03 23:00","2014","05","03","23:00","7.1","","6.4","","95","","7","","14","","9.7","","99.68","","","","","","Rain Showers"
"2014-05-04 00:00","2014","05","04","00:00","5.6","","4.7","","94","","7","","16","","11.3","","99.64","","","","","","Rain,Rain Showers"
"2014-05-04 01:00","2014","05","04","01:00","5.1","","4.4","","95","","6","","15","","12.9","","99.59","","","","","","Rain,Rain Showers"
"2014-05-04 02:00","2014","05","04","02:00","4.8","","4.2","","96","","6","","13","","8.1","","99.54","","","","","","Rain,Fog"
"2014-05-04 03:00","2014","05","04","03:00","4.6","","4.0","","96","","6","","14","","8.1","","99.48","","","","","","Rain,Fog"
"2014-05-04 04:00","2014","05","04","04:00","4.4","","3.8","","96","","6","","15","","9.7","","99.41","","","","","","Drizzle,Fog"
"2014-05-04 05:00","2014","05","04","05:00","4.5","","3.8","","95","","6","","17","","16.1","","99.39","","","","","","NA"
"2014-05-04 06:00","2014","05","04","06:00","4.7","","3.8","","94","","7","","13","","19.3","","99.37","","","","","","NA"
"2014-05-04 07:00","2014","05","04","07:00","5.0","","3.8","","92","","6","","26","","19.3","","99.31","","","","","","Cloudy"
"2014-05-04 08:00","2014","05","04","08:00","5.6","","4.4","","92","","7","","18","","24.1","","99.27","","","","","","NA"
"2014-05-04 09:00","2014","05","04","09:00","6.8","","5.4","","91","","7","","13","","24.1","","99.21","","","","","","NA"
"2014-05-04 10:00","2014","05","04","10:00","7.8","","5.3","","84","","7","","19","","24.1","","99.15","","","","","","Mostly Cloudy"
"2014-05-04 11:00","2014","05","04","11:00","7.7","","5.5","","86","","6","","21","","24.1","","99.11","","","","","","NA"
"2014-05-04 12:00","2014","05","04","12:00","8.4","","6.2","","86","","7","","19","","24.1","","99.09","","","","","","Rain Showers"
"2014-05-04 13:00","2014","05","04","13:00","6.8","","5.9","","94","","8","","16","","12.9","","99.10","","","","","","Rain Showers"
"2014-05-04 14:00","2014","05","04","14:00","6.5","","5.5","","93","","6","","25","","9.7","","99.11","","","","","","Drizzle,Fog"
"2014-05-04 15:00","2014","05","04","15:00","7.9","","6.4","","90","","6","","21","","11.3","","99.12","","","","","","Drizzle"
"2014-05-04 16:00","2014","05","04","16:00","6.6","","5.7","","94","","8","","13","","9.7","","99.18","","","","","","Rain Showers,Fog"
"2014-05-04 17:00","2014","05","04","17:00","6.7","","5.3","","91","","6","","18","","12.9","","99.25","","","","","","Rain Showers,Fog"
"2014-05-04 18:00","2014","05","04","18:00","6.0","","5.1","","94","","8","","10","","12.9","","99.33","","","","","","Rain Showers,Fog"
"2014-05-04 19:00","2014","05","04","19:00","5.6","","4.7","","94","","6","","15","","12.9","","99.40","","","","","","Rain Showers,Fog"
"2014-05-04 20:00","2014","05","04","20:00","5.4","","4.5","","94","","6","","13","","12.9","","99.48","","","","","","Rain Showers,Fog"
"2014-05-04 21:00","2014","05","04","21:00","5.4","","4.4","","93","","6","","13","","12.9","","99.56","","","","","","Rain Showers,Fog"
"2014-05-04 22:00","2014","05","04","22:00","5.2","","4.3","","94","","4","","6","","16.1","","99.61","","","","","","Rain Showers"
"2014-05-04 23:00","2014","05","04","23:00","5.3","","4.4","","94","","7","","3","","16.1","","99.67","","","","","","Rain Showers"
"2014-05-05 00:00","2014","05","05","00:00","5.2","","4.3","","94","","10","","5","","16.1","","99.71","","","","","","Rain Showers"
"2014-05-05 01:00","2014","05","05","01:00","5.2","","4.3","","94","","9","","6","","16.1","","99.73","","","","","","Cloudy"
"2014-05-05 02:00","2014","05","05","02:00","5.1","","4.2","","94","","12","","3","","16.1","","99.76","","","","","","Rain Showers"
"2014-05-05 03:00","2014","05","05","03:00","5.1","","4.2","","94","","36","","3","","12.9","","99.78","","","","","","Rain Showers"
"2014-05-05 04:00","2014","05","05","04:00","5.0","","4.6","","97","","21","","4","","1.6","","99.82","","","","","","Fog"
"2014-05-05 05:00","2014","05","05","05:00","5.2","","4.9","","98","","21","","12","","1.0","","99.89","","","","","","Fog"
"2014-05-05 06:00","2014","05","05","06:00","5.6","","5.3","","98","","25","","8","","3.2","","99.93","","","","","","Fog"
"2014-05-05 07:00","2014","05","05","07:00","7.9","","6.1","","88","","27","","8","","24.1","","99.95","","","","","","Cloudy"
"2014-05-05 08:00","2014","05","05","08:00","9.6","","5.6","","76","","32","","9","","48.3","","99.97","","","","","","NA"
"2014-05-05 09:00","2014","05","05","09:00","11.3","","5.9","","69","","8","","8","","32.2","","99.99","","","","","","NA"
"2014-05-05 10:00","2014","05","05","10:00","12.1","","3.9","","57","","33","","8","","32.2","","99.97","","","","","","Mostly Cloudy"
"2014-05-05 11:00","2014","05","05","11:00","13.5","","5.2","","57","","25","","8","","32.2","","99.94","","","","","","NA"
"2014-05-05 12:00","2014","05","05","12:00","13.3","","4.5","","55","","27","","23","","48.3","","99.89","","","","","","NA"
"2014-05-05 13:00","2014","05","05","13:00","14.3","","4.9","","53","","30","","24","","48.3","","99.87","","","","","","Mostly Cloudy"
"2014-05-05 14:00","2014","05","05","14:00","14.2","","4.6","","52","","31","","19","","48.3","","99.86","","","","","","NA"
"2014-05-05 15:00","2014","05","05","15:00","14.5","","4.6","","51","","31","","30","","48.3","","99.86","","","","","","NA"
"2014-05-05 16:00","2014","05","05","16:00","13.7","","3.8","","51","","34","","27","","48.3","","99.90","","","","","","Mainly Clear"
"2014-05-05 17:00","2014","05","05","17:00","12.4","","3.1","","53","","34","","32","","48.3","","99.96","","","","","","NA"
"2014-05-05 18:00","2014","05","05","18:00","11.8","","3.4","","56","","32","","11","","48.3","","99.99","","","","","","NA"
"2014-05-05 19:00","2014","05","05","19:00","10.5","","3.3","","61","","33","","10","","48.3","","100.00","","","","","","Mainly Clear"
"2014-05-05 20:00","2014","05","05","20:00","9.7","","2.8","","62","","25","","4","","48.3","","100.03","","","","","","NA"
"2014-05-05 21:00","2014","05","05","21:00","7.8","","3.1","","72","","28","","13","","24.1","","100.08","","","","","","NA"
"2014-05-05 22:00","2014","05","05","22:00","7.7","","2.0","","67","","29","","15","","24.1","","100.08","","","","","","Mostly Cloudy"
"2014-05-05 23:00","2014","05","05","23:00","7.2","","1.5","","67","","26","","8","","24.1","","100.09","","","","","","NA"
"2014-05-06 00:00","2014","05","06","00:00","6.8","","1.7","","70","","27","","13","","24.1","","100.06","","","","","","NA"
"2014-05-06 01:00","2014","05","06","01:00","5.6","","1.7","","76","","26","","10","","24.1","","100.06","","","","","","Cloudy"
"2014-05-06 02:00","2014","05","06","02:00","5.5","","1.3","","74","","30","","12","","24.1","","100.02","","","","","","NA"
"2014-05-06 03:00","2014","05","06","03:00","5.5","","0.9","","72","","30","","10","","24.1","","100.04","","","","","","NA"
"2014-05-06 04:00","2014","05","06","04:00","4.9","","0.5","","73","","31","","13","","24.1","","100.04","","","","","","Mostly Cloudy"
"2014-05-06 05:00","2014","05","06","05:00","5.0","","0.4","","72","","31","","10","","48.3","","100.09","","","","","","NA"
"2014-05-06 06:00","2014","05","06","06:00","5.7","","0.5","","69","","30","","10","","48.3","","100.12","","","","","","NA"
"2014-05-06 07:00","2014","05","06","07:00","6.5","","0.4","","65","","28","","15","","48.3","","100.14","","","","","","Mostly Cloudy"
"2014-05-06 08:00","2014","05","06","08:00","7.6","","0.6","","61","","31","","10","","48.3","","100.18","","","","","","NA"
"2014-05-06 09:00","2014","05","06","09:00","8.9","","1.6","","60","","26","","14","","48.3","","100.20","","","","","","NA"
"2014-05-06 10:00","2014","05","06","10:00","9.8","","1.0","","54","","22","","5","","48.3","","100.22","","","","","","Mostly Cloudy"
"2014-05-06 11:00","2014","05","06","11:00","11.1","","2.7","","56","","20","","25","","48.3","","100.21","","","","","","NA"
"2014-05-06 12:00","2014","05","06","12:00","11.2","","3.3","","58","","21","","23","","48.3","","100.20","","","","","","NA"
"2014-05-06 13:00","2014","05","06","13:00","10.2","","6.4","","77","","18","","13","","48.3","","100.27","","","","","","Mostly Cloudy"
"2014-05-06 14:00","2014","05","06","14:00","13.0","","4.0","","54","","30","","21","","48.3","","100.26","","","","","","NA"
"2014-05-06 15:00","2014","05","06","15:00","14.6","","3.2","","46","","29","","27","","48.3","","100.25","","","","","","NA"
"2014-05-06 16:00","2014","05","06","16:00","14.4","","2.7","","45","","33","","21","","48.3","","100.31","","","","","","Mostly Cloudy"
"2014-05-06 17:00","2014","05","06","17:00","12.6","","2.2","","49","","32","","26","","48.3","","100.40","","","","","","NA"
"2014-05-06 18:00","2014","05","06","18:00","11.6","","1.6","","50","","32","","27","","48.3","","100.47","","","","","","NA"
"2014-05-06 19:00","2014","05","06","19:00","10.1","","1.3","","54","","33","","15","","48.3","","100.57","","","","","","Mainly Clear"
"2014-05-06 20:00","2014","05","06","20:00","9.2","","1.4","","58","","31","","13","","24.1","","100.67","","","","","","NA"
"2014-05-06 21:00","2014","05","06","21:00","7.8","","1.4","","64","","30","","12","","24.1","","100.73","","","","","","NA"
"2014-05-06 22:00","2014","05","06","22:00","7.4","","1.1","","64","","30","","12","","24.1","","100.76","","","","","","Mainly Clear"
"2014-05-06 23:00","2014","05","06","23:00","6.7","","0.6","","65","","27","","7","","24.1","","100.79","","","","","","NA"
"2014-05-07 00:00","2014","05","07","00:00","5.9","","0.3","","67","","31","","11","","24.1","","100.84","","","","","","NA"
"2014-05-07 01:00","2014","05","07","01:00","4.7","","-0.1","","71","","33","","11","","24.1","","100.88","","","","","","Clear"
"2014-05-07 02:00","2014","05","07","02:00","4.2","","-0.2","","73","","30","","13","","24.1","","100.94","","","","","","NA"
"2014-05-07 03:00","2014","05","07","03:00","3.8","","-0.4","","74","","31","","18","","24.1","","100.95","","","","","","NA"
"2014-05-07 04:00","2014","05","07","04:00","3.8","","-0.6","","73","","32","","13","","24.1","","101.00","","","","","","Mainly Clear"
"2014-05-07 05:00","2014","05","07","05:00","4.0","","-0.4","","73","","32","","13","","48.3","","101.04","","","","","","NA"
"2014-05-07 06:00","2014","05","07","06:00","5.6","","0.2","","68","","28","","14","","48.3","","101.13","","","","","","NA"
"2014-05-07 07:00","2014","05","07","07:00","7.7","","0.9","","62","","32","","11","","48.3","","101.16","","","","","","Clear"
"2014-05-07 08:00","2014","05","07","08:00","8.8","","0.3","","55","","28","","5","","48.3","","101.19","","","","","","NA"
"2014-05-07 09:00","2014","05","07","09:00","9.4","","1.8","","59","","22","","24","","48.3","","101.20","","","","","","NA"
"2014-05-07 10:00","2014","05","07","10:00","11.3","","2.6","","55","","21","","22","","48.3","","101.20","","","","","","Clear"
"2014-05-07 11:00","2014","05","07","11:00","13.9","","2.9","","47","","23","","25","","48.3","","101.18","","","","","","NA"
"2014-05-07 12:00","2014","05","07","12:00","15.4","","3.6","","45","","22","","24","","48.3","","101.16","","","","","","NA"
"2014-05-07 13:00","2014","05","07","13:00","15.5","","2.7","","42","","21","","28","","48.3","","101.13","","","","","","Mainly Clear"
"2014-05-07 14:00","2014","05","07","14:00","15.8","","1.2","","37","","24","","32","","48.3","","101.12","","","","","","NA"
"2014-05-07 15:00","2014","05","07","15:00","16.5","","0.3","","33","","24","","21","","48.3","","101.10","","","","","","NA"
"2014-05-07 16:00","2014","05","07","16:00","16.8","","-1.7","","28","","28","","25","","48.3","","101.08","","","","","","Mainly Clear"
"2014-05-07 17:00","2014","05","07","17:00","16.3","","-3.2","","26","","27","","18","","48.3","","101.06","","","","","","NA"
"2014-05-07 18:00","2014","05","07","18:00","15.5","","-3.3","","27","","31","","13","","48.3","","101.07","","","","","","NA"
"2014-05-07 19:00","2014","05","07","19:00","13.4","","-3.8","","30","","31","","8","","48.3","","101.12","","","","","","Clear"
"2014-05-07 20:00","2014","05","07","20:00","11.3","","-4.0","","34","","31","","10","","48.3","","101.18","","","","","","NA"
"2014-05-07 21:00","2014","05","07","21:00","10.0","","-4.7","","35","","32","","12","","24.1","","101.24","","","","","","NA"
"2014-05-07 22:00","2014","05","07","22:00","8.9","","-4.3","","39","","36","","9","","24.1","","101.25","","","","","","Clear"
"2014-05-07 23:00","2014","05","07","23:00","8.0","","-2.9","","46","","35","","9","","24.1","","101.28","","","","","","NA"
"2014-05-08 00:00","2014","05","08","00:00","6.9","","-2.8","","50","","2","","13","","24.1","","101.28","","","","","","NA"
"2014-05-08 01:00","2014","05","08","01:00","6.7","","-3.3","","49","","36","","15","","24.1","","101.28","","","","","","Clear"
"2014-05-08 02:00","2014","05","08","02:00","4.0","","-3.3","","59","","33","","8","","24.1","","101.31","","","","","","NA"
"2014-05-08 03:00","2014","05","08","03:00","3.8","","-3.9","","57","","1","","5","","24.1","","101.37","","","","","","NA"
"2014-05-08 04:00","2014","05","08","04:00","3.5","","-4.0","","58","","34","","8","","24.1","","101.40","","","","","","Clear"
"2014-05-08 05:00","2014","05","08","05:00","3.5","","-3.8","","59","","36","","9","","48.3","","101.45","","","","","","NA"
"2014-05-08 06:00","2014","05","08","06:00","5.3","","-2.8","","56","","1","","9","","48.3","","101.44","","","","","","NA"
"2014-05-08 07:00","2014","05","08","07:00","7.0","","-2.4","","51","","1","","8","","48.3","","101.49","","","","","","Clear"
"2014-05-08 08:00","2014","05","08","08:00","8.5","","-1.9","","48","","6","","14","","48.3","","101.52","","","","","","NA"
"2014-05-08 09:00","2014","05","08","09:00","9.5","","-1.5","","46","","5","","4","","48.3","","101.52","","","","","","NA"
"2014-05-08 10:00","2014","05","08","10:00","10.4","","-1.0","","45","","10","","11","","48.3","","101.52","","","","","","Clear"
"2014-05-08 11:00","2014","05","08","11:00","11.1","","-2.3","","39","","10","","12","","48.3","","101.47","","","","","","NA"
"2014-05-08 12:00","2014","05","08","12:00","13.3","","-1.4","","36","","11","","14","","48.3","","101.40","","","","","","NA"
"2014-05-08 13:00","2014","05","08","13:00","13.4","","-2.5","","33","","6","","11","","48.3","","101.38","","","","","","Mostly Cloudy"
"2014-05-08 14:00","2014","05","08","14:00","14.3","","-1.3","","34","","5","","15","","48.3","","101.34","","","","","","NA"
"2014-05-08 15:00","2014","05","08","15:00","14.4","","-2.5","","31","","6","","18","","48.3","","101.32","","","","","","NA"
"2014-05-08 16:00","2014","05","08","16:00","13.9","","-4.3","","28","","6","","22","","48.3","","101.30","","","","","","Mostly Cloudy"
"2014-05-08 17:00","2014","05","08","17:00","13.2","","-4.9","","28","","7","","23","","48.3","","101.33","","","","","","NA"
"2014-05-08 18:00","2014","05","08","18:00","12.0","","-3.7","","33","","6","","19","","48.3","","101.39","","","","","","NA"
"2014-05-08 19:00","2014","05","08","19:00","11.1","","-3.4","","36","","6","","8","","48.3","","101.45","","","","","","Mostly Cloudy"
"2014-05-08 20:00","2014","05","08","20:00","10.2","","-2.1","","42","","6","","12","","24.1","","101.50","","","","","","NA"
"2014-05-08 21:00","2014","05","08","21:00","8.5","","0.0","","55","","5","","9","","24.1","","101.56","","","","","","NA"
"2014-05-08 22:00","2014","05","08","22:00","8.0","","-1.2","","52","","7","","9","","24.1","","101.53","","","","","","Mainly Clear"
"2014-05-08 23:00","2014","05","08","23:00","6.9","","-2.0","","53","","5","","10","","24.1","","101.53","","","","","","NA"
"2014-05-09 00:00","2014","05","09","00:00","6.3","","-2.8","","52","","6","","11","","24.1","","101.54","","","","","","NA"
"2014-05-09 01:00","2014","05","09","01:00","2.4","","-2.5","","70","","36","","5","","24.1","","101.55","","","","","","Mostly Cloudy"
"2014-05-09 02:00","2014","05","09","02:00","2.7","","-2.2","","70","","2","","8","","24.1","","101.50","","","","","","NA"
"2014-05-09 03:00","2014","05","09","03:00","2.2","","-2.5","","71","","1","","7","","24.1","","101.55","","","","","","NA"
"2014-05-09 04:00","2014","05","09","04:00","2.4","","-2.3","","71","","2","","9","","48.3","","101.57","","","","","","Mostly Cloudy"
"2014-05-09 05:00","2014","05","09","05:00","2.8","","-2.3","","69","","3","","6","","48.3","","101.53","","","","","","NA"
"2014-05-09 06:00","2014","05","09","06:00","5.7","","-1.0","","62","","3","","8","","48.3","","101.51","","","","","","NA"
"2014-05-09 07:00","2014","05","09","07:00","8.5","","-1.6","","49","","7","","17","","48.3","","101.51","","","","","","Mainly Clear"
"2014-05-09 08:00","2014","05","09","08:00","10.6","","-2.1","","41","","8","","18","","48.3","","101.47","","","","","","NA"
"2014-05-09 09:00","2014","05","09","09:00","12.1","","-0.4","","42","","6","","17","","48.3","","101.43","","","","","","NA"
"2014-05-09 10:00","2014","05","09","10:00","13.9","","-0.1","","38","","6","","19","","48.3","","101.33","","","","","","Mostly Cloudy"
"2014-05-09 11:00","2014","05","09","11:00","14.3","","-1.7","","33","","6","","17","","48.3","","101.25","","","","","","NA"
"2014-05-09 12:00","2014","05","09","12:00","15.1","","-1.0","","33","","8","","14","","48.3","","101.16","","","","","","NA"
"2014-05-09 13:00","2014","05","09","13:00","15.1","","-1.0","","33","","6","","14","","48.3","","101.06","","","","","","Cloudy"
"2014-05-09 14:00","2014","05","09","14:00","13.8","","2.1","","45","","8","","12","","24.1","","100.87","","","","","","Rain Showers"
"2014-05-09 15:00","2014","05","09","15:00","14.7","","3.9","","48","","5","","10","","32.2","","100.86","","","","","","NA"
"2014-05-09 16:00","2014","05","09","16:00","15.0","","0.9","","38","","6","","17","","32.2","","100.78","","","","","","Cloudy"
"2014-05-09 17:00","2014","05","09","17:00","14.5","","1.5","","41","","6","","14","","32.2","","100.66","","","","","","NA"
"2014-05-09 18:00","2014","05","09","18:00","13.4","","2.1","","46","","6","","18","","32.2","","100.60","","","","","","NA"
"2014-05-09 19:00","2014","05","09","19:00","12.1","","3.4","","55","","6","","15","","24.1","","100.68","","","","","","Rain Showers"
"2014-05-09 20:00","2014","05","09","20:00","12.2","","2.7","","52","","6","","13","","24.1","","100.61","","","","","","NA"
"2014-05-09 21:00","2014","05","09","21:00","11.1","","3.4","","59","","6","","14","","24.1","","100.52","","","","","","NA"
"2014-05-09 22:00","2014","05","09","22:00","10.5","","3.8","","63","","6","","18","","24.1","","100.42","","","","","","Cloudy"
"2014-05-09 23:00","2014","05","09","23:00","10.6","","4.1","","64","","6","","14","","24.1","","100.38","","","","","","NA"
"2014-05-10 00:00","2014","05","10","00:00","10.4","","4.8","","68","","5","","13","","24.1","","100.29","","","","","","NA"
"2014-05-10 01:00","2014","05","10","01:00","9.7","","6.1","","78","","6","","10","","16.1","","100.21","","","","","","Rain Showers"
"2014-05-10 02:00","2014","05","10","02:00","8.8","","7.3","","90","","5","","12","","16.1","","100.07","","","","","","Rain Showers"
"2014-05-10 03:00","2014","05","10","03:00","8.7","","7.6","","93","","5","","10","","12.9","","99.93","","","","","","Rain Showers"
"2014-05-10 04:00","2014","05","10","04:00","8.7","","8.0","","95","","3","","11","","9.7","","99.84","","","","","","Rain Showers,Fog"
"2014-05-10 05:00","2014","05","10","05:00","8.5","","7.9","","96","","5","","8","","3.2","","99.78","","","","","","Rain Showers,Fog"
"2014-05-10 06:00","2014","05","10","06:00","9.2","","8.9","","98","","2","","6","","2.4","","99.74","","","","","","Rain Showers,Fog"
"2014-05-10 07:00","2014","05","10","07:00","10.2","","9.9","","98","","2","","5","","4.0","","99.71","","","","","","Rain Showers,Fog"
"2014-05-10 08:00","2014","05","10","08:00","10.8","","10.5","","98","","10","","4","","3.2","","99.64","","","","","","Rain Showers,Fog"
"2014-05-10 09:00","2014","05","10","09:00","11.5","","11.2","","98","","36","","3","","4.0","","99.62","","","","","","Drizzle,Fog"
"2014-05-10 10:00","2014","05","10","10:00","12.6","","12.1","","97","","10","","4","","4.8","","99.55","","","","","","Drizzle,Fog"
"2014-05-10 11:00","2014","05","10","11:00","15.9","","15.0","","94","","24","","10","","9.7","","99.50","","","","","","Fog"
"2014-05-10 12:00","2014","05","10","12:00","18.5","","16.7","","89","","25","","19","","16.1","","99.44","","","","","","NA"
"2014-05-10 13:00","2014","05","10","13:00","21.7","","16.5","","72","","22","","26","","24.1","","99.33","","27","","","","Mostly Cloudy"
"2014-05-10 14:00","2014","05","10","14:00","22.7","","14.9","","61","","22","","42","","48.3","","99.23","","27","","","","NA"
"2014-05-10 15:00","2014","05","10","15:00","23.2","","13.2","","53","","24","","37","","48.3","","99.14","","26","","","","NA"
"2014-05-10 16:00","2014","05","10","16:00","23.2","","12.4","","50","","24","","37","","48.3","","99.13","","26","","","","Mostly Cloudy"
"2014-05-10 17:00","2014","05","10","17:00","22.4","","11.9","","51","","24","","30","","48.3","","99.13","","25","","","","NA"
"2014-05-10 18:00","2014","05","10","18:00","21.2","","10.8","","51","","22","","39","","48.3","","99.16","","","","","","NA"
"2014-05-10 19:00","2014","05","10","19:00","19.3","","10.7","","57","","23","","35","","48.3","","99.21","","","","","","Mainly Clear"
"2014-05-10 20:00","2014","05","10","20:00","18.3","","10.3","","59","","25","","26","","48.3","","99.33","","","","","","NA"
"2014-05-10 21:00","2014","05","10","21:00","16.8","","10.0","","64","","25","","20","","24.1","","99.46","","","","","","NA"
"2014-05-10 22:00","2014","05","10","22:00","16.0","","10.2","","68","","25","","11","","24.1","","99.51","","","","","","Mostly Cloudy"
"2014-05-10 23:00","2014","05","10","23:00","16.3","","5.4","","48","","30","","24","","24.1","","99.62","","","","","","NA"
"2014-05-11 00:00","2014","05","11","00:00","14.1","","5.5","","56","","30","","11","","24.1","","99.70","","","","","","NA"
"2014-05-11 01:00","2014","05","11","01:00","12.9","","5.1","","59","","28","","14","","24.1","","99.75","","","","","","Mainly Clear"
"2014-05-11 02:00","2014","05","11","02:00","12.0","","4.8","","61","","30","","13","","24.1","","99.79","","","","","","NA"
"2014-05-11 03:00","2014","05","11","03:00","9.7","","4.7","","71","","26","","13","","24.1","","99.83","","","","","","NA"
"2014-05-11 04:00","2014","05","11","04:00","10.1","","5.7","","74","","23","","10","","48.3","","99.85","","","","","","Mostly Cloudy"
"2014-05-11 05:00","2014","05","11","05:00","10.4","","5.8","","73","","26","","12","","48.3","","99.92","","","","","","NA"
"2014-05-11 06:00","2014","05","11","06:00","11.4","","6.0","","69","","25","","18","","48.3","","100.00","","","","","","NA"
"2014-05-11 07:00","2014","05","11","07:00","13.2","","5.7","","60","","27","","24","","48.3","","100.02","","","","","","Mostly Cloudy"
"2014-05-11 08:00","2014","05","11","08:00","13.7","","4.6","","54","","29","","22","","48.3","","100.08","","","","","","NA"
"2014-05-11 09:00","2014","05","11","09:00","13.6","","5.1","","56","","29","","30","","48.3","","100.13","","","","","","NA"
"2014-05-11 10:00","2014","05","11","10:00","14.3","","4.7","","52","","25","","23","","48.3","","100.20","","","","","","Mostly Cloudy"
"2014-05-11 11:00","2014","05","11","11:00","15.7","","3.3","","43","","26","","32","","48.3","","100.18","","","","","","NA"
"2014-05-11 12:00","2014","05","11","12:00","16.3","","3.5","","42","","26","","23","","48.3","","100.16","","","","","","NA"
"2014-05-11 13:00","2014","05","11","13:00","16.5","","2.6","","39","","25","","14","","48.3","","100.13","","","","","","Mostly Cloudy"
"2014-05-11 14:00","2014","05","11","14:00","17.0","","3.8","","41","","22","","21","","48.3","","100.11","","","","","","NA"
"2014-05-11 15:00","2014","05","11","15:00","17.1","","4.2","","42","","27","","18","","48.3","","100.14","","","","","","Rain Showers"
"2014-05-11 16:00","2014","05","11","16:00","14.8","","6.2","","56","","33","","17","","24.1","","100.26","","","","","","Rain Showers"
"2014-05-11 17:00","2014","05","11","17:00","14.4","","7.0","","61","","5","","14","","48.3","","100.24","","","","","","NA"
"2014-05-11 18:00","2014","05","11","18:00","14.8","","6.7","","58","","3","","19","","48.3","","100.33","","","","","","NA"
"2014-05-11 19:00","2014","05","11","19:00","9.0","","5.6","","79","","6","","21","","48.3","","100.50","","","","","","Mainly Clear"
"2014-05-11 20:00","2014","05","11","20:00","8.3","","5.3","","81","","7","","18","","24.1","","100.60","","","","","","NA"
"2014-05-11 21:00","2014","05","11","21:00","7.2","","5.0","","86","","5","","12","","24.1","","100.69","","","","","","NA"
"2014-05-11 22:00","2014","05","11","22:00","6.5","","4.7","","88","","8","","12","","24.1","","100.76","","","","","","Mostly Cloudy"
"2014-05-11 23:00","2014","05","11","23:00","5.9","","4.2","","89","","6","","12","","24.1","","100.77","","","","","","NA"
"2014-05-12 00:00","2014","05","12","00:00","5.3","","3.8","","90","","4","","15","","24.1","","100.79","","","","","","NA"
"2014-05-12 01:00","2014","05","12","01:00","5.1","","3.4","","89","","7","","12","","24.1","","100.80","","","","","","Cloudy"
"2014-05-12 02:00","2014","05","12","02:00","5.1","","3.1","","87","","8","","9","","24.1","","100.87","","","","","","NA"
"2014-05-12 03:00","2014","05","12","03:00","5.2","","2.9","","85","","8","","5","","24.1","","100.88","","","","","","NA"
"2014-05-12 04:00","2014","05","12","04:00","5.2","","3.1","","86","","11","","4","","24.1","","100.92","","","","","","Cloudy"
"2014-05-12 05:00","2014","05","12","05:00","5.4","","2.9","","84","","4","","3","","19.3","","101.00","","","","","","NA"
"2014-05-12 06:00","2014","05","12","06:00","5.6","","3.0","","83","","35","","5","","24.1","","101.05","","","","","","NA"
"2014-05-12 07:00","2014","05","12","07:00","6.4","","2.9","","78","","23","","5","","24.1","","101.05","","","","","","Mostly Cloudy"
"2014-05-12 08:00","2014","05","12","08:00","8.5","","3.2","","69","","18","","5","","32.2","","101.08","","","","","","NA"
"2014-05-12 09:00","2014","05","12","09:00","9.4","","2.7","","63","","18","","6","","32.2","","101.06","","","","","","NA"
"2014-05-12 10:00","2014","05","12","10:00","10.8","","4.1","","63","","19","","13","","32.2","","101.06","","","","","","Mostly Cloudy"
"2014-05-12 11:00","2014","05","12","11:00","12.6","","3.9","","55","","22","","20","","32.2","","101.02","","","","","","NA"
"2014-05-12 12:00","2014","05","12","12:00","12.9","","3.1","","51","","23","","21","","32.2","","101.02","","","","","","NA"
"2014-05-12 13:00","2014","05","12","13:00","14.9","","1.2","","39","","30","","24","","32.2","","101.06","","","","","","Mostly Cloudy"
"2014-05-12 14:00","2014","05","12","14:00","14.3","","1.6","","42","","35","","15","","32.2","","101.12","","","","","","NA"
"2014-05-12 15:00","2014","05","12","15:00","12.2","","4.7","","60","","6","","19","","32.2","","101.19","","","","","","NA"
"2014-05-12 16:00","2014","05","12","16:00","10.0","","4.4","","68","","8","","22","","32.2","","101.32","","","","","","Mostly Cloudy"
"2014-05-12 17:00","2014","05","12","17:00","10.1","","4.1","","66","","6","","24","","32.2","","101.37","","","","","","NA"
"2014-05-12 18:00","2014","05","12","18:00","7.8","","3.1","","72","","8","","15","","48.3","","101.44","","","","","","NA"
"2014-05-12 19:00","2014","05","12","19:00","6.8","","2.7","","75","","6","","24","","48.3","","101.49","","","","","","Mostly Cloudy"
"2014-05-12 20:00","2014","05","12","20:00","6.1","","2.4","","77","","6","","21","","24.1","","101.58","","","","","","NA"
"2014-05-12 21:00","2014","05","12","21:00","5.9","","1.6","","74","","6","","22","","24.1","","101.61","","","","","","NA"
"2014-05-12 22:00","2014","05","12","22:00","5.6","","1.3","","74","","7","","20","","24.1","","101.62","","","","","","Mainly Clear"
"2014-05-12 23:00","2014","05","12","23:00","5.3","","1.2","","75","","7","","22","","24.1","","101.62","","","","","","NA"
"2014-05-13 00:00","2014","05","13","00:00","4.7","","0.8","","76","","5","","12","","24.1","","101.61","","","","","","NA"
"2014-05-13 01:00","2014","05","13","01:00","4.3","","1.0","","79","","4","","10","","24.1","","101.62","","","","","","Mainly Clear"
"2014-05-13 02:00","2014","05","13","02:00","3.3","","0.7","","83","","2","","8","","24.1","","101.64","","","","","","NA"
"2014-05-13 03:00","2014","05","13","03:00","3.2","","1.1","","86","","5","","10","","24.1","","101.64","","","","","","NA"
"2014-05-13 04:00","2014","05","13","04:00","2.6","","0.8","","88","","3","","8","","24.1","","101.69","","","","","","Mainly Clear"
"2014-05-13 05:00","2014","05","13","05:00","4.3","","2.3","","87","","5","","9","","48.3","","101.75","","","","","","NA"
"2014-05-13 06:00","2014","05","13","06:00","5.6","","2.6","","81","","9","","7","","48.3","","101.83","","","","","","NA"
"2014-05-13 07:00","2014","05","13","07:00","6.8","","1.3","","68","","8","","11","","48.3","","101.79","","","","","","Clear"
"2014-05-13 08:00","2014","05","13","08:00","8.7","","1.4","","60","","7","","25","","48.3","","101.77","","","","","","NA"
"2014-05-13 09:00","2014","05","13","09:00","10.4","","1.3","","53","","7","","19","","48.3","","101.83","","","","","","NA"
"2014-05-13 10:00","2014","05","13","10:00","12.1","","0.6","","45","","6","","16","","48.3","","101.80","","","","","","Clear"
"2014-05-13 11:00","2014","05","13","11:00","13.8","","0.5","","40","","6","","18","","48.3","","101.74","","","","","","NA"
"2014-05-13 12:00","2014","05","13","12:00","14.8","","0.3","","37","","8","","21","","48.3","","101.67","","","","","","NA"
"2014-05-13 13:00","2014","05","13","13:00","16.0","","1.4","","37","","6","","21","","48.3","","101.60","","","","","","Mainly Clear"
"2014-05-13 14:00","2014","05","13","14:00","16.0","","0.2","","34","","8","","18","","48.3","","101.54","","","","","","NA"
"2014-05-13 15:00","2014","05","13","15:00","16.7","","2.0","","37","","8","","17","","48.3","","101.54","","","","","","NA"
"2014-05-13 16:00","2014","05","13","16:00","16.2","","2.0","","38","","6","","18","","48.3","","101.52","","","","","","Cloudy"
"2014-05-13 17:00","2014","05","13","17:00","14.6","","1.2","","40","","7","","18","","48.3","","101.43","","","","","","NA"
"2014-05-13 18:00","2014","05","13","18:00","13.2","","0.3","","41","","8","","19","","48.3","","101.37","","","","","","NA"
"2014-05-13 19:00","2014","05","13","19:00","12.1","","-0.7","","41","","6","","17","","48.3","","101.38","","","","","","Cloudy"
"2014-05-13 20:00","2014","05","13","20:00","11.6","","-2.2","","38","","6","","19","","24.1","","101.39","","","","","","NA"
"2014-05-13 21:00","2014","05","13","21:00","11.5","","-0.9","","42","","7","","23","","24.1","","101.36","","","","","","NA"
"2014-05-13 22:00","2014","05","13","22:00","11.8","","-2.4","","37","","7","","21","","24.1","","101.35","","","","","","Mostly Cloudy"
"2014-05-13 23:00","2014","05","13","23:00","11.6","","0.1","","45","","8","","14","","24.1","","101.32","","","","","","NA"
"2014-05-14 00:00","2014","05","14","00:00","11.1","","1.9","","53","","7","","15","","24.1","","101.32","","","","","","NA"
"2014-05-14 01:00","2014","05","14","01:00","10.9","","2.5","","56","","6","","16","","24.1","","101.29","","","","","","Rain Showers"
"2014-05-14 02:00","2014","05","14","02:00","9.8","","4.2","","68","","6","","16","","16.1","","101.32","","","","","","Rain Showers"
"2014-05-14 03:00","2014","05","14","03:00","8.8","","5.7","","81","","8","","9","","19.3","","101.28","","","","","","Rain Showers"
"2014-05-14 04:00","2014","05","14","04:00","8.8","","5.6","","80","","7","","10","","24.1","","101.31","","","","","","Rain Showers"
"2014-05-14 05:00","2014","05","14","05:00","8.3","","6.4","","88","","6","","20","","8.1","","101.25","","","","","","Rain Showers,Fog"
"2014-05-14 06:00","2014","05","14","06:00","8.2","","7.0","","92","","9","","10","","16.1","","101.28","","","","","","Rain Showers"
"2014-05-14 07:00","2014","05","14","07:00","8.4","","7.7","","95","","5","","9","","9.7","","101.32","","","","","","Rain Showers,Fog"
"2014-05-14 08:00","2014","05","14","08:00","9.0","","8.3","","95","","6","","10","","9.7","","101.30","","","","","","Rain Showers,Fog"
"2014-05-14 09:00","2014","05","14","09:00","9.6","","8.7","","94","","4","","10","","12.9","","101.32","","","","","","Rain Showers"
"2014-05-14 10:00","2014","05","14","10:00","10.4","","8.8","","90","","5","","10","","24.1","","101.31","","","","","","Cloudy"
"2014-05-14 11:00","2014","05","14","11:00","11.6","","9.7","","88","","6","","13","","40.2","","101.28","","","","","","NA"
"2014-05-14 12:00","2014","05","14","12:00","12.7","","10.1","","84","","5","","11","","40.2","","101.23","","","","","","NA"
"2014-05-14 13:00","2014","05","14","13:00","13.3","","10.1","","81","","6","","7","","40.2","","101.25","","","","","","Mostly Cloudy"
"2014-05-14 14:00","2014","05","14","14:00","14.6","","10.9","","78","","4","","10","","40.2","","101.22","","","","","","NA"
"2014-05-14 15:00","2014","05","14","15:00","15.7","","11.1","","74","","6","","10","","40.2","","101.19","","","","","","NA"
"2014-05-14 16:00","2014","05","14","16:00","16.1","","10.9","","71","","6","","13","","40.2","","101.18","","","","","","Cloudy"
"2014-05-14 17:00","2014","05","14","17:00","16.2","","10.8","","70","","5","","13","","40.2","","101.13","","","","","","NA"
"2014-05-14 18:00","2014","05","14","18:00","16.1","","11.1","","72","","7","","9","","40.2","","101.15","","","","","","NA"
"2014-05-14 19:00","2014","05","14","19:00","15.0","","10.9","","76","","6","","9","","24.1","","101.16","","","","","","Cloudy"
"2014-05-14 20:00","2014","05","14","20:00","13.8","","10.6","","81","","5","","12","","24.1","","101.18","","","","","","NA"
"2014-05-14 21:00","2014","05","14","21:00","13.8","","10.8","","82","","4","","12","","24.1","","101.18","","","","","","NA"
"2014-05-14 22:00","2014","05","14","22:00","13.1","","11.0","","87","","4","","7","","24.1","","101.21","","","","","","Mostly Cloudy"
"2014-05-14 23:00","2014","05","14","23:00","12.2","","10.1","","87","","6","","14","","24.1","","101.19","","","","","","NA"
"2014-05-15 00:00","2014","05","15","00:00","11.6","","9.9","","89","","4","","11","","24.1","","101.18","","","","","","NA"
"2014-05-15 01:00","2014","05","15","01:00","11.0","","9.4","","90","","3","","11","","24.1","","101.13","","","","","","Mainly Clear"
"2014-05-15 02:00","2014","05","15","02:00","10.5","","9.3","","92","","4","","8","","24.1","","101.14","","","","","","NA"
"2014-05-15 03:00","2014","05","15","03:00","11.1","","9.7","","91","","4","","9","","24.1","","101.14","","","","","","NA"
"2014-05-15 04:00","2014","05","15","04:00","11.2","","9.6","","90","","6","","10","","24.1","","101.13","","","","","","Mostly Cloudy"
"2014-05-15 05:00","2014","05","15","05:00","11.0","","9.6","","91","","6","","13","","48.3","","101.12","","","","","","NA"
"2014-05-15 06:00","2014","05","15","06:00","12.0","","10.3","","89","","5","","11","","48.3","","101.16","","","","","","NA"
"2014-05-15 07:00","2014","05","15","07:00","14.6","","11.2","","80","","5","","9","","48.3","","101.18","","","","","","Mostly Cloudy"
"2014-05-15 08:00","2014","05","15","08:00","17.2","","10.9","","66","","7","","9","","48.3","","101.17","","","","","","NA"
"2014-05-15 09:00","2014","05","15","09:00","18.7","","11.6","","63","","5","","6","","48.3","","101.14","","","","","","NA"
"2014-05-15 10:00","2014","05","15","10:00","20.4","","12.0","","58","","36","","6","","48.3","","101.11","","","","","","Mostly Cloudy"
"2014-05-15 11:00","2014","05","15","11:00","23.1","","14.0","","56","","9","","9","","48.3","","101.00","","26","","","","NA"
"2014-05-15 12:00","2014","05","15","12:00","24.3","","14.6","","54","","5","","4","","22.5","","100.92","","28","","","","NA"
"2014-05-15 13:00","2014","05","15","13:00","26.3","","15.5","","51","","7","","7","","22.5","","100.82","","31","","","","Mainly Clear"
"2014-05-15 14:00","2014","05","15","14:00","28.1","","16.3","","48","","15","","8","","22.5","","100.71","","33","","","","NA"
"2014-05-15 15:00","2014","05","15","15:00","27.9","","17.3","","52","","12","","7","","24.1","","100.68","","33","","","","NA"
"2014-05-15 16:00","2014","05","15","16:00","28.4","","17.2","","50","","20","","27","","32.2","","100.64","","34","","","","Mostly Cloudy"
"2014-05-15 17:00","2014","05","15","17:00","27.3","","17.1","","53","","19","","14","","40.2","","100.62","","33","","","","NA"
"2014-05-15 18:00","2014","05","15","18:00","26.1","","16.5","","55","","19","","18","","40.2","","100.65","","31","","","","NA"
"2014-05-15 19:00","2014","05","15","19:00","24.9","","16.2","","58","","18","","13","","40.2","","100.74","","30","","","","Mostly Cloudy"
"2014-05-15 20:00","2014","05","15","20:00","24.3","","16.2","","60","","18","","15","","24.1","","100.82","","29","","","","NA"
"2014-05-15 21:00","2014","05","15","21:00","17.2","","12.0","","71","","9","","10","","24.1","","100.86","","","","","","NA"
"2014-05-15 22:00","2014","05","15","22:00","14.2","","10.1","","76","","6","","20","","24.1","","100.88","","","","","","Cloudy"
"2014-05-15 23:00","2014","05","15","23:00","13.6","","10.3","","80","","5","","14","","24.1","","100.87","","","","","","NA"
"2014-05-16 00:00","2014","05","16","00:00","12.4","","9.6","","83","","5","","14","","24.1","","100.86","","","","","","NA"
"2014-05-16 01:00","2014","05","16","01:00","12.7","","9.9","","83","","6","","10","","24.1","","100.85","","","","","","Mainly Clear"
"2014-05-16 02:00","2014","05","16","02:00","12.3","","9.9","","85","","3","","12","","24.1","","100.84","","","","","","NA"
"2014-05-16 03:00","2014","05","16","03:00","12.3","","10.1","","86","","5","","10","","24.1","","100.82","","","","","","NA"
"2014-05-16 04:00","2014","05","16","04:00","11.7","","9.8","","88","","5","","13","","24.1","","100.79","","","","","","Mostly Cloudy"
"2014-05-16 05:00","2014","05","16","05:00","11.6","","9.7","","88","","4","","15","","24.1","","100.79","","","","","","NA"
"2014-05-16 06:00","2014","05","16","06:00","13.0","","10.4","","84","","5","","10","","32.2","","100.79","","","","","","NA"
"2014-05-16 07:00","2014","05","16","07:00","16.4","","11.6","","73","","4","","13","","32.2","","100.75","","","","","","Mostly Cloudy"
"2014-05-16 08:00","2014","05","16","08:00","19.6","","13.4","","67","","7","","16","","32.2","","100.71","","","","","","NA"
"2014-05-16 09:00","2014","05","16","09:00","19.9","","13.7","","67","","4","","10","","32.2","","100.67","","","","","","NA"
"2014-05-16 10:00","2014","05","16","10:00","22.8","","14.8","","60","","5","","13","","32.2","","100.61","","27","","","","Mostly Cloudy"
"2014-05-16 11:00","2014","05","16","11:00","26.5","","15.1","","49","","15","","23","","32.2","","100.52","","31","","","","NA"
"2014-05-16 12:00","2014","05","16","12:00","29.0","","14.7","","41","","17","","23","","32.2","","100.47","","33","","","","NA"
"2014-05-16 13:00","2014","05","16","13:00","27.6","","12.6","","39","","18","","26","","32.2","","100.44","","30","","","","Mostly Cloudy"
"2014-05-16 14:00","2014","05","16","14:00","26.6","","12.1","","40","","16","","38","","40.2","","100.45","","29","","","","NA"
"2014-05-16 15:00","2014","05","16","15:00","26.6","","12.1","","40","","18","","24","","48.3","","100.45","","29","","","","NA"
"2014-05-16 16:00","2014","05","16","16:00","25.2","","12.3","","44","","17","","20","","48.3","","100.45","","28","","","","Cloudy"
"2014-05-16 17:00","2014","05","16","17:00","25.0","","11.8","","43","","17","","26","","48.3","","100.43","","27","","","","NA"
"2014-05-16 18:00","2014","05","16","18:00","24.0","","12.5","","48","","16","","29","","48.3","","100.46","","27","","","","NA"
"2014-05-16 19:00","2014","05","16","19:00","22.7","","12.2","","51","","15","","21","","48.3","","100.49","","25","","","","Cloudy"
"2014-05-16 20:00","2014","05","16","20:00","21.3","","12.3","","56","","15","","24","","16.1","","100.55","","","","","","Rain Showers"
"2014-05-16 21:00","2014","05","16","21:00","19.0","","13.0","","68","","10","","15","","16.1","","100.54","","","","","","Rain Showers"
"2014-05-16 22:00","2014","05","16","22:00","17.5","","13.7","","78","","11","","15","","12.9","","100.51","","","","","","Rain Showers"
"2014-05-16 23:00","2014","05","16","23:00","18.5","","13.4","","72","","9","","11","","16.1","","100.47","","","","","","Rain Showers"
"2014-05-17 00:00","2014","05","17","00:00","16.9","","14.0","","83","","6","","20","","24.1","","100.34","","","","","","Rain Showers"
"2014-05-17 01:00","2014","05","17","01:00","17.3","","14.4","","83","","7","","9","","24.1","","100.31","","","","","","Cloudy"
"2014-05-17 02:00","2014","05","17","02:00","17.6","","14.0","","79","","8","","14","","24.1","","100.23","","","","","","NA"
"2014-05-17 03:00","2014","05","17","03:00","16.7","","14.2","","85","","6","","16","","24.1","","100.16","","","","","","NA"
"2014-05-17 04:00","2014","05","17","04:00","17.1","","14.0","","82","","11","","22","","24.1","","100.12","","","","","","Rain Showers"
"2014-05-17 05:00","2014","05","17","05:00","16.5","","14.4","","87","","9","","19","","9.7","","100.09","","","","","","Rain Showers,Fog"
"2014-05-17 06:00","2014","05","17","06:00","16.3","","14.3","","88","","12","","22","","16.1","","100.08","","","","","","Rain"
"2014-05-17 07:00","2014","05","17","07:00","16.1","","14.1","","88","","17","","14","","16.1","","100.16","","","","","","Rain"
"2014-05-17 08:00","2014","05","17","08:00","15.5","","14.2","","92","","36","","3","","12.9","","100.22","","","","","","Rain"
"2014-05-17 09:00","2014","05","17","09:00","16.1","","15.2","","94","","9","","14","","9.7","","100.08","","","","","","Rain"
"2014-05-17 10:00","2014","05","17","10:00","13.0","","11.4","","90","","22","","39","","4.8","","100.18","","","","","","Rain Showers"
"2014-05-17 11:00","2014","05","17","11:00","11.7","","10.9","","95","","23","","27","","4.0","","100.34","","","","","","Rain Showers"
"2014-05-17 12:00","2014","05","17","12:00","12.2","","11.0","","92","","23","","25","","9.7","","100.38","","","","","","NA"
"2014-05-17 13:00","2014","05","17","13:00","13.1","","10.8","","86","","21","","22","","16.1","","100.45","","","","","","Cloudy"
"2014-05-17 14:00","2014","05","17","14:00","14.3","","10.9","","80","","24","","12","","32.2","","100.45","","","","","","NA"
"2014-05-17 15:00","2014","05","17","15:00","15.5","","9.9","","69","","22","","19","","40.2","","100.45","","","","","","NA"
"2014-05-17 16:00","2014","05","17","16:00","17.0","","7.7","","54","","24","","31","","40.2","","100.51","","","","","","Mostly Cloudy"
"2014-05-17 17:00","2014","05","17","17:00","16.2","","7.0","","54","","23","","29","","40.2","","100.55","","","","","","NA"
"2014-05-17 18:00","2014","05","17","18:00","15.4","","7.8","","60","","22","","24","","40.2","","100.58","","","","","","NA"
"2014-05-17 19:00","2014","05","17","19:00","14.3","","7.6","","64","","22","","14","","40.2","","100.68","","","","","","Mostly Cloudy"
"2014-05-17 20:00","2014","05","17","20:00","12.2","","7.1","","71","","22","","11","","24.1","","100.74","","","","","","NA"
"2014-05-17 21:00","2014","05","17","21:00","11.6","","7.7","","77","","24","","12","","24.1","","100.78","","","","","","NA"
"2014-05-17 22:00","2014","05","17","22:00","9.9","","7.3","","84","","24","","10","","24.1","","100.85","","","","","","Mainly Clear"
"2014-05-17 23:00","2014","05","17","23:00","9.6","","7.2","","85","","23","","11","","24.1","","100.88","","","","","","NA"
"2014-05-18 00:00","2014","05","18","00:00","9.8","","7.6","","86","","24","","17","","24.1","","100.90","","","","","","NA"
"2014-05-18 01:00","2014","05","18","01:00","9.0","","7.1","","88","","22","","16","","24.1","","100.92","","","","","","Mainly Clear"
"2014-05-18 02:00","2014","05","18","02:00","7.5","","6.5","","93","","23","","13","","24.1","","100.98","","","","","","NA"
"2014-05-18 03:00","2014","05","18","03:00","6.9","","5.9","","93","","24","","8","","24.1","","101.02","","","","","","NA"
"2014-05-18 04:00","2014","05","18","04:00","7.1","","6.1","","93","","20","","13","","24.1","","101.06","","","","","","Mainly Clear"
"2014-05-18 05:00","2014","05","18","05:00","7.1","","5.9","","92","","24","","9","","24.1","","101.14","","","","","","NA"
"2014-05-18 06:00","2014","05","18","06:00","8.1","","6.4","","89","","23","","14","","48.3","","101.18","","","","","","NA"
"2014-05-18 07:00","2014","05","18","07:00","9.1","","6.9","","86","","24","","14","","32.2","","101.22","","","","","","Cloudy"
"2014-05-18 08:00","2014","05","18","08:00","10.7","","8.0","","83","","36","","1","","48.3","","101.20","","","","","","NA"
"2014-05-18 09:00","2014","05","18","09:00","12.9","","8.6","","75","","19","","8","","48.3","","101.18","","","","","","NA"
"2014-05-18 10:00","2014","05","18","10:00","14.3","","8.5","","68","","21","","12","","48.3","","101.15","","","","","","Mostly Cloudy"
"2014-05-18 11:00","2014","05","18","11:00","16.2","","8.3","","59","","19","","10","","48.3","","101.11","","","","","","NA"
"2014-05-18 12:00","2014","05","18","12:00","16.9","","3.7","","41","","33","","10","","48.3","","101.06","","","","","","NA"
"2014-05-18 13:00","2014","05","18","13:00","17.9","","3.9","","39","","15","","19","","48.3","","100.99","","","","","","Mainly Clear"
"2014-05-18 14:00","2014","05","18","14:00","18.2","","1.8","","33","","15","","12","","48.3","","100.96","","","","","","NA"
"2014-05-18 15:00","2014","05","18","15:00","17.4","","6.7","","49","","1","","24","","48.3","","100.95","","","","","","NA"
"2014-05-18 16:00","2014","05","18","16:00","15.0","","6.6","","57","","36","","22","","32.2","","100.99","","","","","","Mostly Cloudy"
"2014-05-18 17:00","2014","05","18","17:00","14.1","","6.5","","60","","2","","8","","32.2","","100.99","","","","","","Rain Showers"
"2014-05-18 18:00","2014","05","18","18:00","14.6","","6.5","","58","","26","","5","","32.2","","100.98","","","","","","NA"
"2014-05-18 19:00","2014","05","18","19:00","12.1","","6.8","","70","","26","","7","","32.2","","101.01","","","","","","Mostly Cloudy"
"2014-05-18 20:00","2014","05","18","20:00","11.9","","6.4","","69","","33","","7","","32.2","","101.04","","","","","","NA"
"2014-05-18 21:00","2014","05","18","21:00","11.6","","5.9","","68","","32","","10","","32.2","","101.04","","","","","","NA"
"2014-05-18 22:00","2014","05","18","22:00","11.2","","5.1","","66","","33","","14","","32.2","","100.98","","","","","","Mostly Cloudy"
"2014-05-18 23:00","2014","05","18","23:00","10.6","","5.0","","68","","33","","17","","32.2","","100.94","","","","","","NA"
"2014-05-19 00:00","2014","05","19","00:00","10.5","","4.9","","68","","34","","16","","32.2","","100.90","","","","","","NA"
"2014-05-19 01:00","2014","05","19","01:00","10.4","","5.0","","69","","34","","15","","32.2","","100.90","","","","","","Mostly Cloudy"
"2014-05-19 02:00","2014","05","19","02:00","10.4","","5.4","","71","","3","","12","","32.2","","100.92","","","","","","NA"
"2014-05-19 03:00","2014","05","19","03:00","10.4","","6.0","","74","","4","","10","","32.2","","100.93","","","","","","NA"
"2014-05-19 04:00","2014","05","19","04:00","10.2","","6.6","","78","","10","","8","","32.2","","100.96","","","","","","Cloudy"
"2014-05-19 05:00","2014","05","19","05:00","9.6","","7.6","","87","","11","","5","","32.2","","101.00","","","","","","NA"
"2014-05-19 06:00","2014","05","19","06:00","10.1","","7.9","","86","","6","","3","","16.1","","101.04","","","","","","NA"
"2014-05-19 07:00","2014","05","19","07:00","11.1","","8.2","","82","","21","","10","","32.2","","101.05","","","","","","Mostly Cloudy"
"2014-05-19 08:00","2014","05","19","08:00","12.1","","7.6","","74","","22","","10","","48.3","","101.05","","","","","","NA"
"2014-05-19 09:00","2014","05","19","09:00","13.1","","8.2","","72","","18","","7","","48.3","","101.01","","","","","","NA"
"2014-05-19 10:00","2014","05","19","10:00","15.1","","7.9","","62","","22","","10","","48.3","","100.94","","","","","","Mostly Cloudy"
"2014-05-19 11:00","2014","05","19","11:00","15.6","","7.7","","59","","17","","15","","48.3","","100.90","","","","","","Rain Showers"
"2014-05-19 12:00","2014","05","19","12:00","17.2","","7.1","","51","","27","","5","","48.3","","100.84","","","","","","NA"
"2014-05-19 13:00","2014","05","19","13:00","18.7","","2.2","","33","","1","","22","","48.3","","100.79","","","","","","Mostly Cloudy"
"2014-05-19 14:00","2014","05","19","14:00","15.8","","7.1","","56","","6","","28","","48.3","","100.82","","","","","","NA"
"2014-05-19 15:00","2014","05","19","15:00","15.2","","7.3","","59","","8","","22","","48.3","","100.84","","","","","","NA"
"2014-05-19 16:00","2014","05","19","16:00","13.8","","7.4","","65","","7","","18","","48.3","","100.90","","","","","","Mostly Cloudy"
"2014-05-19 17:00","2014","05","19","17:00","13.2","","7.5","","68","","8","","18","","48.3","","100.94","","","","","","NA"
"2014-05-19 18:00","2014","05","19","18:00","12.5","","7.6","","72","","8","","18","","48.3","","101.00","","","","","","NA"
"2014-05-19 19:00","2014","05","19","19:00","12.0","","7.7","","75","","8","","13","","48.3","","101.02","","","","","","Mostly Cloudy"
"2014-05-19 20:00","2014","05","19","20:00","11.3","","7.5","","77","","6","","18","","24.1","","101.02","","","","","","NA"
"2014-05-19 21:00","2014","05","19","21:00","11.1","","7.6","","79","","6","","14","","24.1","","101.03","","","","","","NA"
"2014-05-19 22:00","2014","05","19","22:00","10.7","","7.6","","81","","5","","10","","24.1","","101.01","","","","","","Mostly Cloudy"
"2014-05-19 23:00","2014","05","19","23:00","10.3","","7.6","","83","","7","","7","","24.1","","101.02","","","","","","NA"
"2014-05-20 00:00","2014","05","20","00:00","7.8","","6.4","","91","","33","","4","","24.1","","101.00","","","","","","NA"
"2014-05-20 01:00","2014","05","20","01:00","6.5","","5.5","","93","","26","","5","","24.1","","101.00","","","","","","Mainly Clear"
"2014-05-20 02:00","2014","05","20","02:00","8.2","","7.3","","94","","11","","3","","24.1","","101.03","","","","","","NA"
"2014-05-20 03:00","2014","05","20","03:00","5.7","","4.8","","94","","30","","4","","24.1","","101.03","","","","","","NA"
"2014-05-20 04:00","2014","05","20","04:00","4.9","","4.2","","95","","27","","3","","48.3","","101.04","","","","","","Clear"
"2014-05-20 05:00","2014","05","20","05:00","6.5","","5.9","","96","","4","","8","","32.2","","101.07","","","","","","NA"
"2014-05-20 06:00","2014","05","20","06:00","9.1","","6.2","","82","","6","","10","","48.3","","101.08","","","","","","NA"
"2014-05-20 07:00","2014","05","20","07:00","10.9","","6.5","","74","","12","","7","","48.3","","101.06","","","","","","Mainly Clear"
"2014-05-20 08:00","2014","05","20","08:00","12.6","","6.9","","68","","13","","5","","48.3","","100.99","","","","","","NA"
"2014-05-20 09:00","2014","05","20","09:00","14.6","","7.5","","62","","11","","13","","48.3","","100.94","","","","","","NA"
"2014-05-20 10:00","2014","05","20","10:00","15.4","","8.2","","62","","12","","15","","48.3","","100.93","","","","","","Mainly Clear"
"2014-05-20 11:00","2014","05","20","11:00","16.6","","8.1","","57","","12","","13","","48.3","","100.89","","","","","","NA"
"2014-05-20 12:00","2014","05","20","12:00","16.9","","8.7","","58","","9","","14","","48.3","","100.86","","","","","","NA"
"2014-05-20 13:00","2014","05","20","13:00","15.0","","8.5","","65","","6","","22","","48.3","","100.86","","","","","","Mostly Cloudy"
"2014-05-20 14:00","2014","05","20","14:00","14.1","","8.3","","68","","7","","14","","48.3","","100.85","","","","","","NA"
"2014-05-20 15:00","2014","05","20","15:00","14.9","","8.7","","66","","7","","15","","48.3","","100.81","","","","","","NA"
"2014-05-20 16:00","2014","05","20","16:00","15.3","","8.8","","65","","7","","13","","48.3","","100.80","","","","","","Mostly Cloudy"
"2014-05-20 17:00","2014","05","20","17:00","15.6","","8.4","","62","","8","","13","","48.3","","100.77","","","","","","NA"
"2014-05-20 18:00","2014","05","20","18:00","14.6","","9.2","","70","","5","","14","","48.3","","100.81","","","","","","NA"
"2014-05-20 19:00","2014","05","20","19:00","13.6","","8.9","","73","","7","","13","","48.3","","100.82","","","","","","Mostly Cloudy"
"2014-05-20 20:00","2014","05","20","20:00","13.4","","9.3","","76","","7","","13","","24.1","","100.85","","","","","","NA"
"2014-05-20 21:00","2014","05","20","21:00","13.2","","9.7","","79","","6","","9","","24.1","","100.86","","","","","","NA"
"2014-05-20 22:00","2014","05","20","22:00","12.9","","9.9","","82","","6","","13","","24.1","","100.83","","","","","","Mostly Cloudy"
"2014-05-20 23:00","2014","05","20","23:00","12.4","","10.5","","88","","8","","10","","24.1","","100.79","","","","","","NA"
"2014-05-21 00:00","2014","05","21","00:00","12.2","","10.5","","89","","8","","9","","24.1","","100.77","","","","","","NA"
"2014-05-21 01:00","2014","05","21","01:00","12.0","","10.4","","90","","6","","4","","24.1","","100.76","","","","","","Mostly Cloudy"
"2014-05-21 02:00","2014","05","21","02:00","11.7","","10.0","","89","","5","","8","","19.3","","100.75","","","","","","NA"
"2014-05-21 03:00","2014","05","21","03:00","11.3","","9.9","","91","","4","","7","","19.3","","100.76","","","","","","NA"
"2014-05-21 04:00","2014","05","21","04:00","11.2","","10.0","","92","","5","","6","","16.1","","100.76","","","","","","Mostly Cloudy"
"2014-05-21 05:00","2014","05","21","05:00","11.6","","10.2","","91","","6","","7","","24.1","","100.78","","","","","","NA"
"2014-05-21 06:00","2014","05","21","06:00","13.1","","10.7","","85","","5","","3","","24.1","","100.80","","","","","","NA"
"2014-05-21 07:00","2014","05","21","07:00","13.3","","10.3","","82","","10","","8","","48.3","","100.82","","","","","","Mostly Cloudy"
"2014-05-21 08:00","2014","05","21","08:00","14.3","","10.2","","76","","6","","8","","48.3","","100.83","","","","","","NA"
"2014-05-21 09:00","2014","05","21","09:00","14.8","","11.0","","78","","11","","10","","48.3","","100.80","","","","","","NA"
"2014-05-21 10:00","2014","05","21","10:00","16.5","","11.3","","71","","8","","12","","48.3","","100.74","","","","","","Mostly Cloudy"
"2014-05-21 11:00","2014","05","21","11:00","17.6","","11.0","","65","","8","","13","","48.3","","100.69","","","","","","NA"
"2014-05-21 12:00","2014","05","21","12:00","17.8","","10.5","","62","","7","","18","","48.3","","100.67","","","","","","NA"
"2014-05-21 13:00","2014","05","21","13:00","18.5","","10.7","","60","","8","","17","","48.3","","100.64","","","","","","Mostly Cloudy"
"2014-05-21 14:00","2014","05","21","14:00","18.1","","10.1","","59","","4","","17","","48.3","","100.61","","","","","","NA"
"2014-05-21 15:00","2014","05","21","15:00","18.5","","9.7","","56","","6","","20","","48.3","","100.57","","","","","","NA"
"2014-05-21 16:00","2014","05","21","16:00","18.7","","9.3","","54","","6","","14","","48.3","","100.56","","","","","","Mostly Cloudy"
"2014-05-21 17:00","2014","05","21","17:00","17.5","","10.2","","62","","7","","13","","48.3","","100.56","","","","","","NA"
"2014-05-21 18:00","2014","05","21","18:00","16.5","","10.2","","66","","6","","14","","48.3","","100.56","","","","","","NA"
"2014-05-21 19:00","2014","05","21","19:00","15.8","","10.4","","70","","7","","13","","48.3","","100.58","","","","","","Mostly Cloudy"
"2014-05-21 20:00","2014","05","21","20:00","14.4","","10.5","","77","","8","","13","","24.1","","100.59","","","","","","NA"
"2014-05-21 21:00","2014","05","21","21:00","13.3","","9.8","","79","","6","","18","","24.1","","100.57","","","","","","NA"
"2014-05-21 22:00","2014","05","21","22:00","12.8","","9.3","","79","","7","","14","","24.1","","100.58","","","","","","Mostly Cloudy"
"2014-05-21 23:00","2014","05","21","23:00","12.2","","9.1","","81","","7","","15","","24.1","","100.58","","","","","","NA"
"2014-05-22 00:00","2014","05","22","00:00","12.2","","8.7","","79","","7","","20","","24.1","","100.56","","","","","","NA"
"2014-05-22 01:00","2014","05","22","01:00","11.9","","9.0","","82","","6","","19","","24.1","","100.52","","","","","","Mostly Cloudy"
"2014-05-22 02:00","2014","05","22","02:00","11.1","","9.0","","87","","7","","20","","24.1","","100.49","","","","","","NA"
"2014-05-22 03:00","2014","05","22","03:00","10.8","","9.2","","90","","6","","17","","19.3","","100.49","","","","","","NA"
"2014-05-22 04:00","2014","05","22","04:00","10.6","","9.2","","91","","6","","21","","16.1","","100.46","","","","","","Cloudy"
"2014-05-22 05:00","2014","05","22","05:00","10.7","","9.3","","91","","7","","19","","48.3","","100.49","","","","","","NA"
"2014-05-22 06:00","2014","05","22","06:00","11.0","","9.4","","90","","7","","22","","48.3","","100.51","","","","","","NA"
"2014-05-22 07:00","2014","05","22","07:00","11.7","","9.6","","87","","6","","26","","40.2","","100.51","","","","","","Mostly Cloudy"
"2014-05-22 08:00","2014","05","22","08:00","12.5","","9.7","","83","","6","","29","","40.2","","100.52","","","","","","NA"
"2014-05-22 09:00","2014","05","22","09:00","13.0","","9.9","","81","","7","","19","","40.2","","100.52","","","","","","NA"
"2014-05-22 10:00","2014","05","22","10:00","14.5","","10.0","","74","","6","","36","","48.3","","100.49","","","","","","Mostly Cloudy"
"2014-05-22 11:00","2014","05","22","11:00","14.6","","10.1","","74","","6","","31","","48.3","","100.44","","","","","","NA"
"2014-05-22 12:00","2014","05","22","12:00","14.8","","9.9","","72","","6","","27","","48.3","","100.41","","","","","","NA"
"2014-05-22 13:00","2014","05","22","13:00","15.0","","9.8","","71","","8","","26","","48.3","","100.38","","","","","","Mostly Cloudy"
"2014-05-22 14:00","2014","05","22","14:00","14.3","","9.6","","73","","8","","32","","48.3","","100.36","","","","","","NA"
"2014-05-22 15:00","2014","05","22","15:00","14.6","","9.5","","71","","6","","27","","48.3","","100.34","","","","","","NA"
"2014-05-22 16:00","2014","05","22","16:00","14.3","","9.0","","70","","7","","27","","48.3","","100.37","","","","","","Mostly Cloudy"
"2014-05-22 17:00","2014","05","22","17:00","13.0","","8.1","","72","","7","","23","","48.3","","100.37","","","","","","NA"
"2014-05-22 18:00","2014","05","22","18:00","12.4","","7.7","","73","","8","","27","","48.3","","100.49","","","","","","NA"
"2014-05-22 19:00","2014","05","22","19:00","11.8","","7.9","","77","","6","","27","","48.3","","100.51","","","","","","Mostly Cloudy"
"2014-05-22 20:00","2014","05","22","20:00","11.3","","8.0","","80","","7","","21","","24.1","","100.53","","","","","","NA"
"2014-05-22 21:00","2014","05","22","21:00","11.0","","7.9","","81","","7","","21","","24.1","","100.54","","","","","","NA"
"2014-05-22 22:00","2014","05","22","22:00","10.6","","7.9","","83","","7","","17","","24.1","","100.52","","","","","","Mostly Cloudy"
"2014-05-22 23:00","2014","05","22","23:00","10.1","","7.7","","85","","7","","23","","24.1","","100.53","","","","","","NA"
"2014-05-23 00:00","2014","05","23","00:00","9.9","","7.7","","86","","6","","21","","24.1","","100.51","","","","","","NA"
"2014-05-23 01:00","2014","05","23","01:00","9.7","","7.5","","86","","6","","26","","24.1","","100.48","","","","","","Mostly Cloudy"
"2014-05-23 02:00","2014","05","23","02:00","9.2","","7.3","","88","","6","","21","","24.1","","100.48","","","","","","NA"
"2014-05-23 03:00","2014","05","23","03:00","9.2","","7.5","","89","","6","","17","","24.1","","100.49","","","","","","NA"
"2014-05-23 04:00","2014","05","23","04:00","9.4","","7.7","","89","","6","","22","","24.1","","100.53","","","","","","Cloudy"
"2014-05-23 05:00","2014","05","23","05:00","9.9","","8.2","","89","","7","","22","","24.1","","100.58","","","","","","NA"
"2014-05-23 06:00","2014","05","23","06:00","10.8","","8.6","","86","","6","","22","","48.3","","100.62","","","","","","NA"
"2014-05-23 07:00","2014","05","23","07:00","11.2","","8.8","","85","","8","","20","","48.3","","100.66","","","","","","Mostly Cloudy"
"2014-05-23 08:00","2014","05","23","08:00","12.0","","8.9","","81","","9","","18","","48.3","","100.69","","","","","","NA"
"2014-05-23 09:00","2014","05","23","09:00","13.3","","9.0","","75","","8","","19","","48.3","","100.72","","","","","","NA"
"2014-05-23 10:00","2014","05","23","10:00","15.1","","9.7","","70","","8","","19","","48.3","","100.70","","","","","","Mostly Cloudy"
"2014-05-23 11:00","2014","05","23","11:00","16.4","","10.3","","67","","6","","18","","48.3","","100.70","","","","","","NA"
"2014-05-23 12:00","2014","05","23","12:00","17.0","","10.5","","65","","7","","18","","32.2","","100.69","","","","","","NA"
"2014-05-23 13:00","2014","05","23","13:00","15.9","","9.9","","67","","7","","25","","32.2","","100.67","","","","","","Mostly Cloudy"
"2014-05-23 14:00","2014","05","23","14:00","16.0","","9.5","","65","","6","","28","","32.2","","100.65","","","","","","NA"
"2014-05-23 15:00","2014","05","23","15:00","16.5","","8.8","","60","","8","","22","","32.2","","100.61","","","","","","NA"
"2014-05-23 16:00","2014","05","23","16:00","17.1","","8.6","","57","","7","","19","","32.2","","100.61","","","","","","Mainly Clear"
"2014-05-23 17:00","2014","05","23","17:00","16.7","","8.0","","56","","6","","25","","32.2","","100.61","","","","","","NA"
"2014-05-23 18:00","2014","05","23","18:00","15.4","","7.3","","58","","8","","21","","32.2","","100.65","","","","","","NA"
"2014-05-23 19:00","2014","05","23","19:00","13.8","","7.2","","64","","7","","14","","32.2","","100.70","","","","","","Mostly Cloudy"
"2014-05-23 20:00","2014","05","23","20:00","13.1","","6.9","","66","","7","","14","","32.2","","100.76","","","","","","NA"
"2014-05-23 21:00","2014","05","23","21:00","12.4","","7.3","","71","","6","","10","","24.1","","100.81","","","","","","NA"
"2014-05-23 22:00","2014","05","23","22:00","11.4","","8.5","","82","","8","","9","","24.1","","100.82","","","","","","Mostly Cloudy"
"2014-05-23 23:00","2014","05","23","23:00","10.7","","8.1","","84","","7","","11","","24.1","","100.83","","","","","","NA"
"2014-05-24 00:00","2014","05","24","00:00","10.1","","7.4","","83","","5","","15","","24.1","","100.84","","","","","","NA"
"2014-05-24 01:00","2014","05","24","01:00","9.5","","7.3","","86","","6","","17","","24.1","","100.84","","","","","","Mostly Cloudy"
"2014-05-24 02:00","2014","05","24","02:00","8.9","","7.0","","88","","6","","15","","24.1","","100.85","","","","","","NA"
"2014-05-24 03:00","2014","05","24","03:00","8.8","","6.9","","88","","6","","20","","24.1","","100.87","","","","","","NA"
"2014-05-24 04:00","2014","05","24","04:00","8.7","","6.8","","88","","6","","13","","24.1","","100.89","","","","","","Cloudy"
"2014-05-24 05:00","2014","05","24","05:00","8.9","","6.5","","85","","6","","17","","24.1","","100.95","","","","","","NA"
"2014-05-24 06:00","2014","05","24","06:00","9.3","","6.8","","84","","6","","17","","24.1","","101.01","","","","","","NA"
"2014-05-24 07:00","2014","05","24","07:00","9.9","","7.3","","84","","7","","17","","24.1","","101.06","","","","","","Cloudy"
"2014-05-24 08:00","2014","05","24","08:00","10.7","","7.1","","78","","6","","18","","24.1","","101.10","","","","","","NA"
"2014-05-24 09:00","2014","05","24","09:00","10.4","","6.9","","79","","6","","26","","24.1","","101.09","","","","","","NA"
"2014-05-24 10:00","2014","05","24","10:00","9.9","","8.5","","91","","6","","20","","24.1","","101.07","","","","","","Rain"
"2014-05-24 11:00","2014","05","24","11:00","12.1","","8.8","","80","","7","","18","","24.1","","101.05","","","","","","NA"
"2014-05-24 12:00","2014","05","24","12:00","11.7","","8.2","","79","","9","","14","","32.2","","101.00","","","","","","Rain Showers"
"2014-05-24 13:00","2014","05","24","13:00","13.6","","8.5","","71","","8","","17","","48.3","","100.95","","","","","","Mostly Cloudy"
"2014-05-24 14:00","2014","05","24","14:00","14.6","","8.2","","65","","9","","23","","48.3","","100.88","","","","","","NA"
"2014-05-24 15:00","2014","05","24","15:00","14.7","","7.6","","62","","7","","16","","48.3","","100.86","","","","","","NA"
"2014-05-24 16:00","2014","05","24","16:00","14.8","","7.2","","60","","8","","18","","48.3","","100.83","","","","","","Mostly Cloudy"
"2014-05-24 17:00","2014","05","24","17:00","14.4","","7.0","","61","","6","","18","","48.3","","100.86","","","","","","NA"
"2014-05-24 18:00","2014","05","24","18:00","13.8","","7.2","","64","","7","","14","","48.3","","100.86","","","","","","NA"
"2014-05-24 19:00","2014","05","24","19:00","13.1","","6.7","","65","","6","","14","","48.3","","100.89","","","","","","Mainly Clear"
"2014-05-24 20:00","2014","05","24","20:00","12.4","","6.7","","68","","8","","11","","48.3","","100.91","","","","","","NA"
"2014-05-24 21:00","2014","05","24","21:00","11.7","","7.1","","73","","8","","13","","24.1","","100.96","","","","","","Rain Showers"
"2014-05-24 22:00","2014","05","24","22:00","10.9","","6.3","","73","","7","","12","","24.1","","100.94","","","","","","Rain Showers"
"2014-05-24 23:00","2014","05","24","23:00","10.3","","7.6","","83","","7","","7","","24.1","","100.97","","","","","","Rain Showers"
"2014-05-25 00:00","2014","05","25","00:00","9.9","","6.5","","79","","6","","12","","24.1","","100.93","","","","","","NA"
"2014-05-25 01:00","2014","05","25","01:00","9.2","","6.1","","81","","6","","10","","24.1","","100.90","","","","","","Mainly Clear"
"2014-05-25 02:00","2014","05","25","02:00","8.4","","6.4","","87","","5","","9","","24.1","","100.89","","","","","","NA"
"2014-05-25 03:00","2014","05","25","03:00","8.5","","6.8","","89","","5","","10","","24.1","","100.89","","","","","","NA"
"2014-05-25 04:00","2014","05","25","04:00","8.2","","6.3","","88","","6","","13","","24.1","","100.92","","","","","","Mostly Cloudy"
"2014-05-25 05:00","2014","05","25","05:00","8.4","","6.4","","87","","6","","13","","24.1","","100.95","","","","","","NA"
"2014-05-25 06:00","2014","05","25","06:00","9.1","","6.6","","84","","6","","21","","40.2","","100.96","","","","","","NA"
"2014-05-25 07:00","2014","05","25","07:00","10.3","","6.5","","77","","8","","16","","48.3","","100.98","","","","","","Mostly Cloudy"
"2014-05-25 08:00","2014","05","25","08:00","11.8","","7.0","","72","","6","","16","","48.3","","100.98","","","","","","NA"
"2014-05-25 09:00","2014","05","25","09:00","12.9","","7.0","","67","","8","","14","","48.3","","100.98","","","","","","NA"
"2014-05-25 10:00","2014","05","25","10:00","14.2","","7.3","","63","","7","","11","","48.3","","100.91","","","","","","Mainly Clear"
"2014-05-25 11:00","2014","05","25","11:00","15.9","","8.2","","60","","5","","14","","48.3","","100.86","","","","","","NA"
"2014-05-25 12:00","2014","05","25","12:00","17.6","","8.6","","55","","15","","8","","48.3","","100.75","","","","","","NA"
"2014-05-25 13:00","2014","05","25","13:00","19.9","","9.6","","51","","15","","5","","48.3","","100.64","","","","","","Mainly Clear"
"2014-05-25 14:00","2014","05","25","14:00","20.9","","8.7","","45","","16","","4","","48.3","","100.53","","","","","","NA"
"2014-05-25 15:00","2014","05","25","15:00","22.9","","10.5","","45","","25","","9","","48.3","","100.42","","","","","","NA"
"2014-05-25 16:00","2014","05","25","16:00","22.4","","12.2","","52","","24","","9","","48.3","","100.37","","25","","","","Mostly Cloudy"
"2014-05-25 17:00","2014","05","25","17:00","21.0","","11.2","","53","","14","","7","","48.3","","100.31","","","","","","NA"
"2014-05-25 18:00","2014","05","25","18:00","18.1","","10.6","","61","","5","","12","","48.3","","100.27","","","","","","NA"
"2014-05-25 19:00","2014","05","25","19:00","17.1","","10.3","","64","","5","","8","","48.3","","100.25","","","","","","Cloudy"
"2014-05-25 20:00","2014","05","25","20:00","15.0","","13.1","","88","","16","","17","","24.1","","100.29","","","","","","Rain Showers"
"2014-05-25 21:00","2014","05","25","21:00","14.8","","13.4","","91","","36","","1","","24.1","","100.29","","","","","","NA"
"2014-05-25 22:00","2014","05","25","22:00","14.5","","13.9","","96","","20","","5","","16.1","","100.29","","","","","","Rain Showers"
"2014-05-25 23:00","2014","05","25","23:00","14.6","","13.7","","94","","21","","13","","24.1","","100.12","","","","","","NA"
"2014-05-26 00:00","2014","05","26","00:00","14.4","","13.5","","94","","19","","5","","24.1","","100.04","","","","","","NA"
"2014-05-26 01:00","2014","05","26","01:00","14.2","","13.7","","97","","23","","7","","24.1","","99.99","","","","","","Rain Showers"
"2014-05-26 02:00","2014","05","26","02:00","14.5","","13.6","","94","","24","","17","","24.1","","99.86","","","","","","NA"
"2014-05-26 03:00","2014","05","26","03:00","14.4","","13.3","","93","","26","","6","","24.1","","99.86","","","","","","NA"
"2014-05-26 04:00","2014","05","26","04:00","14.1","","13.0","","93","","26","","6","","24.1","","99.87","","","","","","Mostly Cloudy"
"2014-05-26 05:00","2014","05","26","05:00","14.4","","13.5","","94","","19","","10","","48.3","","99.89","","","","","","NA"
"2014-05-26 06:00","2014","05","26","06:00","14.9","","13.8","","93","","24","","21","","32.2","","99.88","","","","","","NA"
"2014-05-26 07:00","2014","05","26","07:00","15.7","","14.4","","92","","22","","16","","32.2","","99.91","","","","","","Mostly Cloudy"
"2014-05-26 08:00","2014","05","26","08:00","18.1","","15.4","","84","","23","","20","","32.2","","99.90","","","","","","NA"
"2014-05-26 09:00","2014","05","26","09:00","19.1","","15.2","","78","","24","","22","","48.3","","99.85","","","","","","NA"
"2014-05-26 10:00","2014","05","26","10:00","18.9","","15.4","","80","","23","","17","","48.3","","99.87","","","","","","Mostly Cloudy"
"2014-05-26 11:00","2014","05","26","11:00","21.4","","16.7","","74","","21","","22","","48.3","","99.76","","26","","","","NA"
"2014-05-26 12:00","2014","05","26","12:00","22.2","","16.3","","69","","22","","22","","48.3","","99.68","","27","","","","NA"
"2014-05-26 13:00","2014","05","26","13:00","22.3","","16.7","","70","","23","","29","","48.3","","99.62","","27","","","","Mainly Clear"
"2014-05-26 14:00","2014","05","26","14:00","23.0","","17.1","","69","","22","","31","","48.3","","99.56","","28","","","","NA"
"2014-05-26 15:00","2014","05","26","15:00","23.4","","17.0","","67","","21","","29","","48.3","","99.53","","29","","","","NA"
"2014-05-26 16:00","2014","05","26","16:00","17.5","","11.2","","66","","8","","24","","48.3","","99.69","","","","","","Mostly Cloudy"
"2014-05-26 17:00","2014","05","26","17:00","14.4","","8.6","","68","","8","","23","","48.3","","99.78","","","","","","NA"
"2014-05-26 18:00","2014","05","26","18:00","14.0","","8.0","","67","","7","","20","","48.3","","99.91","","","","","","NA"
"2014-05-26 19:00","2014","05","26","19:00","11.9","","6.6","","70","","6","","33","","48.3","","100.03","","","","","","Mostly Cloudy"
"2014-05-26 20:00","2014","05","26","20:00","10.7","","6.1","","73","","6","","37","","24.1","","100.14","","","","","","NA"
"2014-05-26 21:00","2014","05","26","21:00","10.0","","5.2","","72","","7","","33","","24.1","","100.24","","","","","","NA"
"2014-05-26 22:00","2014","05","26","22:00","9.1","","4.9","","75","","6","","31","","24.1","","100.30","","","","","","Clear"
"2014-05-26 23:00","2014","05","26","23:00","8.2","","4.2","","76","","6","","36","","24.1","","100.36","","","","","","NA"
"2014-05-27 00:00","2014","05","27","00:00","7.6","","4.0","","78","","7","","40","","24.1","","100.39","","","","","","NA"
"2014-05-27 01:00","2014","05","27","01:00","7.3","","3.6","","77","","6","","34","","24.1","","100.38","","","","","","Mostly Cloudy"
"2014-05-27 02:00","2014","05","27","02:00","7.2","","3.3","","76","","7","","27","","24.1","","100.42","","","","","","NA"
"2014-05-27 03:00","2014","05","27","03:00","7.0","","2.7","","74","","7","","28","","24.1","","100.49","","","","","","NA"
"2014-05-27 04:00","2014","05","27","04:00","6.9","","2.8","","75","","6","","33","","24.1","","100.50","","","","","","Mostly Cloudy"
"2014-05-27 05:00","2014","05","27","05:00","7.0","","2.7","","74","","6","","36","","40.2","","100.56","","","","","","NA"
"2014-05-27 06:00","2014","05","27","06:00","7.3","","3.2","","75","","6","","35","","40.2","","100.60","","","","","","NA"
"2014-05-27 07:00","2014","05","27","07:00","7.9","","3.6","","74","","6","","30","","40.2","","100.63","","","","","","Mostly Cloudy"
"2014-05-27 08:00","2014","05","27","08:00","9.6","","3.8","","67","","8","","29","","40.2","","100.65","","","","","","NA"
"2014-05-27 09:00","2014","05","27","09:00","9.2","","4.0","","70","","6","","36","","40.2","","100.63","","","","","","NA"
"2014-05-27 10:00","2014","05","27","10:00","10.2","","4.2","","66","","8","","32","","40.2","","100.63","","","","","","Cloudy"
"2014-05-27 11:00","2014","05","27","11:00","10.1","","4.5","","68","","6","","28","","40.2","","100.66","","","","","","NA"
"2014-05-27 12:00","2014","05","27","12:00","10.7","","4.9","","67","","6","","27","","40.2","","100.62","","","","","","NA"
"2014-05-27 13:00","2014","05","27","13:00","10.0","","4.6","","69","","8","","26","","40.2","","100.55","","","","","","Cloudy"
"2014-05-27 14:00","2014","05","27","14:00","9.4","","5.4","","76","","6","","32","","40.2","","100.57","","","","","","NA"
"2014-05-27 15:00","2014","05","27","15:00","9.1","","6.0","","81","","6","","26","","16.1","","100.57","","","","","","Rain Showers"
"2014-05-27 16:00","2014","05","27","16:00","8.2","","6.3","","88","","6","","21","","9.7","","100.56","","","","","","Rain Showers"
"2014-05-27 17:00","2014","05","27","17:00","8.0","","6.5","","90","","6","","25","","4.8","","100.62","","","","","","Rain Showers,Fog"
"2014-05-27 18:00","2014","05","27","18:00","8.1","","6.6","","90","","7","","18","","4.8","","100.64","","","","","","Moderate Rain Showers"
"2014-05-27 19:00","2014","05","27","19:00","8.5","","6.5","","87","","6","","19","","12.9","","100.68","","","","","","Rain Showers"
"2014-05-27 20:00","2014","05","27","20:00","8.7","","6.0","","83","","6","","23","","16.1","","100.71","","","","","","NA"
"2014-05-27 21:00","2014","05","27","21:00","9.0","","5.9","","81","","8","","16","","24.1","","100.80","","","","","","Rain Showers"
"2014-05-27 22:00","2014","05","27","22:00","8.4","","6.0","","85","","7","","17","","24.1","","100.81","","","","","","Rain Showers"
"2014-05-27 23:00","2014","05","27","23:00","8.7","","6.0","","83","","7","","21","","24.1","","100.80","","","","","","Rain Showers"
"2014-05-28 00:00","2014","05","28","00:00","8.7","","6.5","","86","","6","","18","","24.1","","100.82","","","","","","Rain Showers"
"2014-05-28 01:00","2014","05","28","01:00","8.5","","6.5","","87","","7","","17","","24.1","","100.85","","","","","","Rain Showers"
"2014-05-28 02:00","2014","05","28","02:00","8.5","","6.8","","89","","6","","18","","24.1","","100.90","","","","","","Rain Showers"
"2014-05-28 03:00","2014","05","28","03:00","8.5","","6.3","","86","","7","","22","","24.1","","100.91","","","","","","Rain Showers"
"2014-05-28 04:00","2014","05","28","04:00","8.4","","6.2","","86","","6","","26","","24.1","","100.95","","","","","","Rain Showers"
"2014-05-28 05:00","2014","05","28","05:00","8.5","","5.8","","83","","6","","26","","48.3","","101.03","","","","","","NA"
"2014-05-28 06:00","2014","05","28","06:00","8.8","","5.2","","78","","7","","28","","48.3","","101.11","","","","","","NA"
"2014-05-28 07:00","2014","05","28","07:00","9.9","","5.7","","75","","7","","28","","48.3","","101.17","","","","","","Mainly Clear"
"2014-05-28 08:00","2014","05","28","08:00","9.8","","5.6","","75","","6","","28","","48.3","","101.24","","","","","","NA"
"2014-05-28 09:00","2014","05","28","09:00","10.4","","5.2","","70","","5","","28","","48.3","","101.29","","","","","","NA"
"2014-05-28 10:00","2014","05","28","10:00","12.1","","4.6","","60","","5","","26","","48.3","","101.30","","","","","","Mainly Clear"
"2014-05-28 11:00","2014","05","28","11:00","13.7","","3.5","","50","","6","","29","","48.3","","101.32","","","","","","NA"
"2014-05-28 12:00","2014","05","28","12:00","14.9","","2.5","","43","","5","","13","","48.3","","101.30","","","","","","NA"
"2014-05-28 13:00","2014","05","28","13:00","16.2","","2.7","","40","","7","","23","","48.3","","101.30","","","","","","Mainly Clear"
"2014-05-28 14:00","2014","05","28","14:00","17.0","","4.4","","43","","4","","18","","48.3","","101.29","","","","","","NA"
"2014-05-28 15:00","2014","05","28","15:00","17.8","","4.5","","41","","10","","14","","48.3","","101.27","","","","","","NA"
"2014-05-28 16:00","2014","05","28","16:00","18.4","","3.2","","36","","8","","14","","48.3","","101.24","","","","","","Clear"
"2014-05-28 17:00","2014","05","28","17:00","17.9","","4.2","","40","","8","","10","","48.3","","101.24","","","","","","NA"
"2014-05-28 18:00","2014","05","28","18:00","16.5","","4.9","","46","","9","","10","","48.3","","101.27","","","","","","NA"
"2014-05-28 19:00","2014","05","28","19:00","14.6","","2.9","","45","","10","","9","","48.3","","101.31","","","","","","Clear"
"2014-05-28 20:00","2014","05","28","20:00","11.4","","3.5","","58","","36","","2","","32.2","","101.35","","","","","","NA"
"2014-05-28 21:00","2014","05","28","21:00","9.3","","4.3","","71","","34","","5","","24.1","","101.35","","","","","","NA"
"2014-05-28 22:00","2014","05","28","22:00","8.3","","4.3","","76","","36","","3","","24.1","","101.36","","","","","","Clear"
"2014-05-28 23:00","2014","05","28","23:00","7.9","","4.9","","81","","1","","10","","24.1","","101.38","","","","","","NA"
"2014-05-29 00:00","2014","05","29","00:00","7.9","","4.7","","80","","1","","10","","24.1","","101.36","","","","","","NA"
"2014-05-29 01:00","2014","05","29","01:00","7.7","","4.3","","79","","1","","14","","24.1","","101.37","","","","","","Clear"
"2014-05-29 02:00","2014","05","29","02:00","7.1","","3.5","","78","","3","","7","","24.1","","101.37","","","","","","NA"
"2014-05-29 03:00","2014","05","29","03:00","4.7","","2.6","","86","","35","","8","","24.1","","101.36","","","","","","NA"
"2014-05-29 04:00","2014","05","29","04:00","4.2","","2.4","","88","","27","","3","","48.3","","101.36","","","","","","Mainly Clear"
"2014-05-29 05:00","2014","05","29","05:00","5.2","","2.9","","85","","36","","5","","48.3","","101.41","","","","","","NA"
"2014-05-29 06:00","2014","05","29","06:00","6.7","","4.5","","86","","36","","3","","48.3","","101.46","","","","","","NA"
"2014-05-29 07:00","2014","05","29","07:00","10.3","","6.8","","79","","24","","4","","48.3","","101.49","","","","","","Mainly Clear"
"2014-05-29 08:00","2014","05","29","08:00","13.6","","7.6","","67","","21","","9","","48.3","","101.46","","","","","","NA"
"2014-05-29 09:00","2014","05","29","09:00","15.8","","7.4","","57","","22","","12","","48.3","","101.41","","","","","","NA"
"2014-05-29 10:00","2014","05","29","10:00","18.0","","7.8","","51","","21","","17","","48.3","","101.36","","","","","","Mostly Cloudy"
"2014-05-29 11:00","2014","05","29","11:00","19.5","","8.0","","47","","20","","20","","48.3","","101.29","","","","","","NA"
"2014-05-29 12:00","2014","05","29","12:00","19.6","","7.2","","44","","21","","24","","48.3","","101.21","","","","","","NA"
"2014-05-29 13:00","2014","05","29","13:00","20.6","","6.3","","39","","23","","18","","48.3","","101.14","","","","","","Mainly Clear"
"2014-05-29 14:00","2014","05","29","14:00","21.3","","3.7","","31","","22","","21","","48.3","","101.04","","","","","","NA"
"2014-05-29 15:00","2014","05","29","15:00","21.3","","2.7","","29","","26","","20","","48.3","","101.00","","","","","","NA"
"2014-05-29 16:00","2014","05","29","16:00","20.9","","3.3","","31","","26","","22","","48.3","","100.96","","","","","","Mostly Cloudy"
"2014-05-29 17:00","2014","05","29","17:00","20.9","","1.9","","28","","25","","21","","48.3","","100.93","","","","","","NA"
"2014-05-29 18:00","2014","05","29","18:00","19.6","","6.1","","41","","23","","20","","48.3","","100.91","","","","","","NA"
"2014-05-29 19:00","2014","05","29","19:00","16.8","","5.5","","47","","24","","14","","48.3","","100.91","","","","","","Mostly Cloudy"
"2014-05-29 20:00","2014","05","29","20:00","13.7","","5.2","","56","","25","","11","","24.1","","100.93","","","","","","NA"
"2014-05-29 21:00","2014","05","29","21:00","14.5","","5.6","","55","","30","","5","","24.1","","100.92","","","","","","NA"
"2014-05-29 22:00","2014","05","29","22:00","12.5","","6.8","","68","","36","","3","","24.1","","100.89","","","","","","Cloudy"
"2014-05-29 23:00","2014","05","29","23:00","13.4","","7.0","","65","","20","","3","","24.1","","100.85","","","","","","NA"
"2014-05-30 00:00","2014","05","30","00:00","12.8","","7.7","","71","","36","","11","","24.1","","100.84","","","","","","NA"
"2014-05-30 01:00","2014","05","30","01:00","11.4","","7.5","","77","","36","","3","","24.1","","100.82","","","","","","Cloudy"
"2014-05-30 02:00","2014","05","30","02:00","10.2","","7.3","","82","","8","","3","","24.1","","100.78","","","","","","NA"
"2014-05-30 03:00","2014","05","30","03:00","9.9","","6.5","","79","","32","","4","","24.1","","100.77","","","","","","NA"
"2014-05-30 04:00","2014","05","30","04:00","8.8","","5.9","","82","","34","","6","","24.1","","100.76","","","","","","Mainly Clear"
"2014-05-30 05:00","2014","05","30","05:00","10.7","","7.1","","78","","33","","7","","48.3","","100.77","","","","","","NA"
"2014-05-30 06:00","2014","05","30","06:00","12.0","","8.5","","79","","16","","3","","48.3","","100.79","","","","","","NA"
"2014-05-30 07:00","2014","05","30","07:00","13.5","","9.2","","75","","36","","2","","48.3","","100.81","","","","","","Cloudy"
"2014-05-30 08:00","2014","05","30","08:00","13.6","","10.8","","83","","24","","9","","32.2","","100.85","","","","","","Rain Showers"
"2014-05-30 09:00","2014","05","30","09:00","14.4","","11.9","","85","","22","","8","","48.3","","100.84","","","","","","NA"
"2014-05-30 10:00","2014","05","30","10:00","17.3","","11.2","","67","","23","","4","","48.3","","100.82","","","","","","Mostly Cloudy"
"2014-05-30 11:00","2014","05","30","11:00","16.5","","10.4","","67","","27","","7","","32.2","","100.81","","","","","","Thunderstorms,Rain Showers"
"2014-05-30 12:00","2014","05","30","12:00","14.9","","11.9","","82","","35","","7","","24.1","","100.85","","","","","","NA"
"2014-05-30 13:00","2014","05","30","13:00","16.8","","11.4","","70","","9","","15","","48.3","","100.82","","","","","","Mostly Cloudy"
"2014-05-30 14:00","2014","05","30","14:00","15.4","","10.4","","72","","6","","9","","32.2","","100.89","","","","","","NA"
"2014-05-30 15:00","2014","05","30","15:00","16.9","","9.7","","62","","14","","4","","48.3","","100.88","","","","","","NA"
"2014-05-30 16:00","2014","05","30","16:00","17.2","","9.7","","61","","13","","5","","48.3","","100.90","","","","","","Mostly Cloudy"
"2014-05-30 17:00","2014","05","30","17:00","13.6","","11.5","","87","","6","","4","","48.3","","100.98","","","","","","NA"
"2014-05-30 18:00","2014","05","30","18:00","14.2","","11.7","","85","","7","","9","","48.3","","101.03","","","","","","NA"
"2014-05-30 19:00","2014","05","30","19:00","14.2","","11.7","","85","","5","","9","","48.3","","101.08","","","","","","Mostly Cloudy"
"2014-05-30 20:00","2014","05","30","20:00","13.4","","10.6","","83","","6","","13","","48.3","","101.18","","","","","","NA"
"2014-05-30 21:00","2014","05","30","21:00","13.0","","10.7","","86","","4","","5","","24.1","","101.21","","","","","","NA"
"2014-05-30 22:00","2014","05","30","22:00","12.8","","10.9","","88","","8","","7","","24.1","","101.23","","","","","","Mostly Cloudy"
"2014-05-30 23:00","2014","05","30","23:00","12.6","","11.0","","90","","4","","5","","24.1","","101.26","","","","","","NA"
"2014-05-31 00:00","2014","05","31","00:00","12.3","","9.9","","85","","7","","9","","24.1","","101.30","","","","","","NA"
"2014-05-31 01:00","2014","05","31","01:00","12.1","","9.5","","84","","5","","9","","24.1","","101.33","","","","","","Mostly Cloudy"
"2014-05-31 02:00","2014","05","31","02:00","11.8","","9.2","","84","","6","","15","","24.1","","101.34","","","","","","NA"
"2014-05-31 03:00","2014","05","31","03:00","11.5","","8.9","","84","","7","","14","","24.1","","101.38","","","","","","NA"
"2014-05-31 04:00","2014","05","31","04:00","11.2","","8.4","","83","","6","","15","","24.1","","101.46","","","","","","Mostly Cloudy"
"2014-05-31 05:00","2014","05","31","05:00","10.9","","8.2","","83","","5","","13","","48.3","","101.52","","","","","","NA"
"2014-05-31 06:00","2014","05","31","06:00","11.4","","8.5","","82","","6","","14","","48.3","","101.62","","","","","","NA"
"2014-05-31 07:00","2014","05","31","07:00","11.4","","8.3","","81","","9","","15","","48.3","","101.67","","","","","","Mostly Cloudy"
"2014-05-31 08:00","2014","05","31","08:00","11.9","","7.8","","76","","6","","23","","48.3","","101.73","","","","","","NA"
"2014-05-31 09:00","2014","05","31","09:00","13.0","","8.7","","75","","6","","24","","40.2","","101.77","","","","","","NA"
"2014-05-31 10:00","2014","05","31","10:00","13.5","","9.2","","75","","9","","21","","40.2","","101.85","","","","","","Mostly Cloudy"
"2014-05-31 11:00","2014","05","31","11:00","13.3","","8.6","","73","","7","","26","","40.2","","101.88","","","","","","NA"
"2014-05-31 12:00","2014","05","31","12:00","13.7","","9.0","","73","","8","","24","","48.3","","101.88","","","","","","NA"
"2014-05-31 13:00","2014","05","31","13:00","14.5","","9.2","","70","","9","","25","","48.3","","101.85","","","","","","Mainly Clear"
"2014-05-31 14:00","2014","05","31","14:00","14.6","","8.6","","67","","8","","25","","48.3","","101.84","","","","","","NA"
"2014-05-31 15:00","2014","05","31","15:00","14.7","","9.3","","70","","8","","23","","48.3","","101.82","","","","","","NA"
"2014-05-31 16:00","2014","05","31","16:00","14.3","","8.3","","67","","6","","25","","48.3","","101.76","","","","","","Mainly Clear"
"2014-05-31 17:00","2014","05","31","17:00","14.5","","8.3","","66","","9","","18","","48.3","","101.77","","","","","","NA"
"2014-05-31 18:00","2014","05","31","18:00","13.8","","8.1","","68","","9","","17","","48.3","","101.76","","","","","","NA"
"2014-05-31 19:00","2014","05","31","19:00","12.6","","8.1","","74","","9","","13","","48.3","","101.81","","","","","","Mainly Clear"
"2014-05-31 20:00","2014","05","31","20:00","11.7","","7.5","","75","","6","","11","","48.3","","101.83","","","","","","NA"
"2014-05-31 21:00","2014","05","31","21:00","11.1","","7.3","","77","","4","","11","","24.1","","101.85","","","","","","NA"
"2014-05-31 22:00","2014","05","31","22:00","10.2","","6.9","","80","","4","","7","","24.1","","101.84","","","","","","Mainly Clear"
"2014-05-31 23:00","2014","05","31","23:00","8.4","","6.5","","88","","1","","5","","24.1","","101.82","","","","","","NA"
